epoch,lr,train_loss,test_acc
1,1e-05,8.5234375,0.010001068115234374
2,5.9e-05,8.2890625,0.010000839233398437
3,0.000108,8.03125,0.010000839233398437
4,0.000157,7.87109375,0.010000839233398437
5,0.000206,7.71484375,0.010000839233398437
6,0.000255,7.515625,0.010000839233398437
7,0.000304,7.296875,0.010000839233398437
8,0.000353,7.078125,0.010000839233398437
9,0.000402,6.9453125,0.010000762939453125
10,0.000451,6.765625,0.010000762939453125
11,0.0005,6.66796875,0.01000091552734375
12,0.0004989043790736547,6.52734375,0.01000091552734375
13,0.0004956295201467612,6.38671875,0.01000091552734375
14,0.0004902113032590308,6.28515625,0.01000091552734375
15,0.00048270909152852017,6.2109375,0.010000839233398437
16,0.00047320508075688776,6.10546875,0.010000839233398437
17,0.0004618033988749895,6.0,0.010000839233398437
18,0.00044862896509547886,5.90625,0.010000839233398437
19,0.00043382612127177165,5.82421875,0.010000839233398437
20,0.00041755705045849463,5.734375,0.010000839233398437
21,0.0004,5.671875,0.010900497436523438
22,0.0003813473286151601,5.60546875,0.0176007080078125
23,0.0003618033988749895,5.484375,0.04809844970703125
24,0.00034158233816355184,5.4375,0.094295654296875
25,0.00032090569265353074,5.3671875,0.1657177734375
26,0.00030000000000000003,5.3046875,0.22087890625
27,0.00027909430734646937,5.25390625,0.239169921875
28,0.00025841766183644816,5.1640625,0.24486572265625
29,0.00023819660112501053,5.10546875,0.227978515625
30,0.00021865267138483998,5.05078125,0.243671875
31,0.00020000000000000004,4.96875,0.2483837890625
32,0.0001824429495415054,4.94921875,0.24008056640625
33,0.00016617387872822843,4.875,0.2706787109375
34,0.00015137103490452114,4.82421875,0.25557373046875
35,0.00013819660112501054,4.8125,0.253271484375
36,0.00012679491924311227,4.78125,0.267275390625
37,0.0001172909084714798,4.73046875,0.28249267578125
38,0.0001097886967409693,4.703125,0.274267578125
39,0.00010437047985323887,4.66015625,0.29099853515625
40,0.00010109562092634534,4.640625,0.2894921875
41,0.0001,4.62109375,0.29208251953125
42,9.998980482070474e-05,4.59375,0.2832958984375
43,9.99592275981534e-05,4.5703125,0.27337890625
44,9.990829327156729e-05,4.5390625,0.27636962890625
45,9.983704338371375e-05,4.5390625,0.30318603515625
46,9.974553604702333e-05,4.51171875,0.29659912109375
47,9.963384589619232e-05,4.48828125,0.30539794921875
48,9.950206402730983e-05,4.46484375,0.31791015625
49,9.935029792355834e-05,4.45703125,0.31651123046875
50,9.917867136754893e-05,4.42578125,0.32710205078125
51,9.898732434036244e-05,4.44140625,0.3277099609375
52,9.877641290737885e-05,4.3984375,0.32439453125
53,9.854610909098812e-05,4.375,0.3119091796875
54,9.829660073028631e-05,4.37109375,0.30258544921875
55,9.802809132787125e-05,4.37109375,0.3181982421875
56,9.774079988386297e-05,4.3203125,0.321201171875
57,9.743496071728397e-05,4.3125,0.3089990234375
58,9.711082327494536e-05,4.31640625,0.30429443359375
59,9.676865192799444e-05,4.28125,0.32610595703125
60,9.640872575628973e-05,4.2578125,0.31372314453125
61,9.603133832077954e-05,4.26953125,0.331201171875
62,9.563679742406935e-05,4.25390625,0.31030517578125
63,9.52254248593737e-05,4.2109375,0.3284912109375
64,9.479755614805688e-05,4.19921875,0.313203125
65,9.435354026597707e-05,4.1875,0.342001953125
66,9.389373935885646e-05,4.1953125,0.331123046875
67,9.341852844691012e-05,4.171875,0.340791015625
68,9.292829511897409e-05,4.15625,0.3431005859375
69,9.242343921638235e-05,4.140625,0.34130859375
70,9.190437250685049e-05,4.140625,0.32970703125
71,9.137151834863214e-05,4.11328125,0.3469140625
72,9.082531134522177e-05,4.1171875,0.3258251953125
73,9.026619699088596e-05,4.08984375,0.3473046875
74,8.969463130731183e-05,4.08984375,0.336005859375
75,8.911108047166924e-05,4.0703125,0.317197265625
76,8.851602043638994e-05,4.06640625,0.3198291015625
77,8.790993654097406e-05,4.04296875,0.3387060546875
78,8.72933231161401e-05,4.0390625,0.3324072265625
79,8.666668308064185e-05,4.01171875,0.3467041015625
80,8.603052753108053e-05,4.01171875,0.33407470703125
81,8.538537532504716e-05,3.986328125,0.336015625
82,8.47317526579348e-05,3.978515625,0.33301025390625
83,8.407019263376603e-05,3.96875,0.355009765625
84,8.340123483038575e-05,3.955078125,0.3287060546875
85,8.27254248593737e-05,3.912109375,0.3507958984375
86,8.204331392103575e-05,3.9140625,0.3468115234375
87,8.135545835483718e-05,3.923828125,0.341708984375
88,8.066241918564412e-05,3.921875,0.3436083984375
89,7.996476166614364e-05,3.8984375,0.349228515625
90,7.92630548158156e-05,3.876953125,0.3532958984375
91,7.855787095683214e-05,3.87890625,0.3533154296875
92,7.784978524726351e-05,3.845703125,0.352802734375
93,7.7139375211971e-05,3.859375,0.3567041015625
94,7.64272202715692e-05,3.81640625,0.3458154296875
95,7.57139012698424e-05,3.810546875,0.352802734375
96,7.500000000000001e-05,3.81640625,0.352119140625
97,7.428609873015761e-05,3.791015625,0.33900390625
98,7.35727797284308e-05,3.80859375,0.33600830078125
99,7.286062478802902e-05,3.810546875,0.3632861328125
100,7.215021475273649e-05,3.78515625,0.356318359375
101,7.144212904316787e-05,3.751953125,0.3469189453125
102,7.07369451841844e-05,3.765625,0.3505126953125
103,7.003523833385637e-05,3.734375,0.3639013671875
104,6.933758081435588e-05,3.7265625,0.3663818359375
105,6.864454164516283e-05,3.734375,0.36650390625
106,6.795668607896427e-05,3.724609375,0.3489111328125
107,6.727457514062632e-05,3.697265625,0.3685009765625
108,6.659876516961425e-05,3.6875,0.3758056640625
109,6.592980736623398e-05,3.693359375,0.35779296875
110,6.526824734206522e-05,3.681640625,0.35029296875
111,6.461462467495284e-05,3.685546875,0.3657080078125
112,6.396947246891947e-05,3.677734375,0.3671875
113,6.333331691935816e-05,3.650390625,0.3655126953125
114,6.270667688385991e-05,3.62109375,0.357607421875
115,6.209006345902595e-05,3.62890625,0.37150390625
116,6.148397956361007e-05,3.642578125,0.359296875
117,6.088891952833078e-05,3.640625,0.36341796875
118,6.0305368692688175e-05,3.62890625,0.376298828125
119,5.973380300911405e-05,3.6171875,0.35990234375
120,5.917468865477825e-05,3.6015625,0.3606005859375
121,5.862848165136788e-05,3.599609375,0.377177734375
122,5.809562749314952e-05,3.59375,0.3595068359375
123,5.757656078361767e-05,3.60546875,0.3769873046875
124,5.707170488102592e-05,3.583984375,0.3698828125
125,5.6581471553089876e-05,3.580078125,0.371787109375
126,5.610626064114355e-05,3.560546875,0.3799951171875
127,5.564645973402294e-05,3.54296875,0.378896484375
128,5.5202443851943126e-05,3.5703125,0.376875
129,5.477457514062632e-05,3.54296875,0.37830078125
130,5.4363202575930654e-05,3.537109375,0.35798828125
131,5.396866167922047e-05,3.521484375,0.37859375
132,5.3591274243710276e-05,3.53125,0.385576171875
133,5.323134807200558e-05,3.505859375,0.3628076171875
134,5.288917672505464e-05,3.509765625,0.356796875
135,5.2565039282716046e-05,3.498046875,0.36830078125
136,5.225920011613704e-05,3.51171875,0.379794921875
137,5.197190867212875e-05,3.494140625,0.3769873046875
138,5.1703399269713696e-05,3.46875,0.368896484375
139,5.1453890909011884e-05,3.494140625,0.38296875
140,5.122358709262116e-05,3.478515625,0.3659912109375
141,5.101267565963757e-05,3.48828125,0.3587158203125
142,5.082132863245108e-05,3.486328125,0.3761962890625
143,5.0649702076441663e-05,3.451171875,0.3623681640625
144,5.049793597269017e-05,3.443359375,0.3709912109375
145,5.0366154103807675e-05,3.44921875,0.3706982421875
146,5.025446395297669e-05,3.44140625,0.3841845703125
147,5.0162956616286245e-05,3.4140625,0.3610888671875
148,5.009170672843272e-05,3.421875,0.3764990234375
149,5.004077240184661e-05,3.419921875,0.37509765625
150,5.001019517929527e-05,3.423828125,0.3856982421875
151,5e-05,3.408203125,0.36859375
152,4.999561366949691e-05,3.40234375,0.3655029296875
153,4.998245660197717e-05,3.41796875,0.3712939453125
154,4.9960534568565435e-05,3.3984375,0.3752099609375
155,4.992985718499009e-05,3.4140625,0.3654052734375
156,4.989043790736547e-05,3.392578125,0.360703125
157,4.9842294026289564e-05,3.380859375,0.3641943359375
158,4.978544665925977e-05,3.388671875,0.378193359375
159,4.97199207414101e-05,3.41015625,0.38109375
160,4.964574501457378e-05,3.361328125,0.388681640625
161,4.9562952014676115e-05,3.365234375,0.3716015625
162,4.9471578057463205e-05,3.365234375,0.3679052734375
163,4.9371663222572624e-05,3.3515625,0.3765966796875
164,4.926325133595317e-05,3.337890625,0.370390625
165,4.9146389950641344e-05,3.33984375,0.375185546875
166,4.9021130325903075e-05,3.337890625,0.3861962890625
167,4.888752740474962e-05,3.328125,0.383896484375
168,4.8745639789837837e-05,3.33203125,0.3491943359375
169,4.859552971776503e-05,3.33984375,0.3644921875
170,4.8437263031770014e-05,3.33984375,0.36830078125
171,4.827090915285202e-05,3.33203125,0.3771923828125
172,4.809654104932039e-05,3.31640625,0.3739892578125
173,4.791423520478826e-05,3.30859375,0.3829833984375
174,4.7724071584624295e-05,3.330078125,0.3842919921875
175,4.7526133600877274e-05,3.3203125,0.37369140625
176,4.732050807568878e-05,3.3046875,0.37318359375
177,4.710728520321014e-05,3.302734375,0.3771923828125
178,4.6886558510040304e-05,3.267578125,0.3920849609375
179,4.665842481420199e-05,3.291015625,0.3806884765625
180,4.642298418267408e-05,3.28125,0.3762939453125
181,4.618033988749895e-05,3.279296875,0.369287109375
182,4.5930598360483925e-05,3.26171875,0.3762890625
183,4.5673869146516796e-05,3.25390625,0.376904296875
184,4.541026485551579e-05,3.25390625,0.3733056640625
185,4.513990111303513e-05,3.25390625,0.3888916015625
186,4.4862896509547885e-05,3.259765625,0.3716064453125
187,4.457937254842823e-05,3.240234375,0.3781787109375
188,4.4289453592656066e-05,3.2421875,0.37998046875
189,4.399326681026731e-05,3.248046875,0.3918896484375
190,4.369094211857378e-05,3.248046875,0.378095703125
191,4.3382612127177165e-05,3.23828125,0.39259765625
192,4.3068412079802113e-05,3.23046875,0.3869921875
193,4.2748479794973796e-05,3.216796875,0.38447265625
194,4.242295560556621e-05,3.2265625,0.3855029296875
195,4.2091982297247504e-05,3.2109375,0.37560546875
196,4.1755705045849464e-05,3.224609375,0.3884912109375
197,4.141427135368864e-05,3.22265625,0.3861962890625
198,4.106783098486688e-05,3.236328125,0.3749951171875
199,4.0716535899579935e-05,3.205078125,0.385498046875
200,4.036054018746261e-05,3.1953125,0.4010009765625
201,4e-05,3.1953125,0.3798046875
202,3.963507348203431e-05,3.16796875,0.39080078125
203,3.926592070239724e-05,3.1796875,0.3849951171875
204,3.889270358369855e-05,3.173828125,0.376787109375
205,3.851558583130146e-05,3.169921875,0.3846142578125
206,3.813473286151601e-05,3.1640625,0.3772998046875
207,3.7750311729042064e-05,3.1484375,0.3795166015625
208,3.736249105369356e-05,3.1640625,0.378505859375
209,3.697144094643631e-05,3.1640625,0.39849609375
210,3.657733293477167e-05,3.162109375,0.376494140625
211,3.6180339887498953e-05,3.142578125,0.3949072265625
212,3.578063593888943e-05,3.166015625,0.38208984375
213,3.537839641230532e-05,3.14453125,0.389287109375
214,3.4973797743297106e-05,3.14453125,0.3840966796875
215,3.456701740221312e-05,3.1171875,0.4028857421875
216,3.415823381635519e-05,3.123046875,0.3833984375
217,3.37476262917145e-05,3.142578125,0.3963037109375
218,3.333537493432205e-05,3.12890625,0.3883984375
219,3.292166057124824e-05,3.134765625,0.3831884765625
220,3.2506664671286086e-05,3.107421875,0.389287109375
221,3.209056926535307e-05,3.107421875,0.4009912109375
222,3.167355686664632e-05,3.10546875,0.3901025390625
223,3.125581039058627e-05,3.107421875,0.383203125
224,3.0837513074583995e-05,3.099609375,0.395595703125
225,3.041884839766714e-05,3.080078125,0.389384765625
226,3.0000000000000004e-05,3.10546875,0.386884765625
227,2.9581151602332867e-05,3.080078125,0.37919921875
228,2.9162486925416013e-05,3.11328125,0.3809912109375
229,2.8744189609413736e-05,3.1015625,0.3885009765625
230,2.8326443133353694e-05,3.091796875,0.3811962890625
231,2.7909430734646938e-05,3.08203125,0.39208984375
232,2.7493335328713916e-05,3.0625,0.3884912109375
233,2.707833942875177e-05,3.078125,0.3914892578125
234,2.6664625065677956e-05,3.05859375,0.3849951171875
235,2.6252373708285507e-05,3.0625,0.3949951171875
236,2.584176618364482e-05,3.0703125,0.38619140625
237,2.5432982597786885e-05,3.0703125,0.3917138671875
238,2.502620225670291e-05,3.07421875,0.3856005859375
239,2.462160358769469e-05,3.060546875,0.386904296875
240,2.4219364061110566e-05,3.03125,0.3829931640625
241,2.3819660112501055e-05,3.072265625,0.3901904296875
242,2.342266706522834e-05,3.064453125,0.3998046875
243,2.30285590535637e-05,3.05078125,0.3939794921875
244,2.2637508946306445e-05,3.0546875,0.3935986328125
245,2.2249688270957944e-05,3.056640625,0.3925
246,2.1865267138484e-05,3.029296875,0.402998046875
247,2.148441416869855e-05,3.033203125,0.3958056640625
248,2.1107296416301457e-05,3.029296875,0.3920947265625
249,2.0734079297602774e-05,3.03515625,0.3901904296875
250,2.0364926517965692e-05,3.009765625,0.390419921875
251,2.0000000000000005e-05,3.03125,0.3855029296875
252,1.96394598125374e-05,3.02734375,0.3978173828125
253,1.9283464100420066e-05,3.03125,0.3914892578125
254,1.893216901513312e-05,3.0390625,0.3873046875
255,1.858572864631137e-05,3.0078125,0.393115234375
256,1.824429495415054e-05,3.0,0.3981005859375
257,1.7908017702752504e-05,3.017578125,0.3902880859375
258,1.7577044394433796e-05,3.01953125,0.39650390625
259,1.7251520205026206e-05,2.994140625,0.390712890625
260,1.693158792019789e-05,3.01171875,0.38330078125
261,1.6617387872822843e-05,3.005859375,0.3938134765625
262,1.6309057881426227e-05,2.99609375,0.394697265625
263,1.600673318973269e-05,2.98046875,0.3891943359375
264,1.571054640734394e-05,2.98046875,0.3919873046875
265,1.5420627451571773e-05,2.98828125,0.3909912109375
266,1.5137103490452113e-05,3.005859375,0.3892041015625
267,1.4860098886964875e-05,3.001953125,0.3951806640625
268,1.4589735144484218e-05,3.001953125,0.3987890625
269,1.4326130853483207e-05,2.994140625,0.395595703125
270,1.4069401639516076e-05,3.001953125,0.3926953125
271,1.3819660112501054e-05,2.97265625,0.388779296875
272,1.357701581732592e-05,2.984375,0.3965966796875
273,1.3341575185798013e-05,2.9921875,0.391796875
274,1.3113441489959704e-05,2.98046875,0.3881982421875
275,1.289271479678987e-05,2.974609375,0.392080078125
276,1.2679491924311227e-05,2.966796875,0.3903076171875
277,1.2473866399122734e-05,2.966796875,0.3919921875
278,1.2275928415375706e-05,2.982421875,0.3964892578125
279,1.2085764795211743e-05,2.978515625,0.3931884765625
280,1.1903458950679614e-05,2.95703125,0.394296875
281,1.1729090847147981e-05,2.96875,0.39888671875
282,1.1562736968229993e-05,2.96484375,0.3927099609375
283,1.1404470282234973e-05,2.984375,0.394384765625
284,1.1254360210162172e-05,2.958984375,0.3979931640625
285,1.111247259525038e-05,2.974609375,0.39279296875
286,1.097886967409693e-05,2.95703125,0.3890966796875
287,1.0853610049358656e-05,2.9765625,0.387001953125
288,1.0736748664046839e-05,2.935546875,0.396689453125
289,1.062833677742738e-05,2.958984375,0.403701171875
290,1.0528421942536794e-05,2.951171875,0.39458984375
291,1.0437047985323887e-05,2.9453125,0.3955859375
292,1.035425498542623e-05,2.958984375,0.3914013671875
293,1.0280079258589903e-05,2.923828125,0.3934033203125
294,1.0214553340740235e-05,2.95703125,0.39658203125
295,1.0157705973710446e-05,2.951171875,0.39470703125
296,1.0109562092634535e-05,2.943359375,0.3934033203125
297,1.0070142815009913e-05,2.9453125,0.3941064453125
298,1.003946543143457e-05,2.94921875,0.3898876953125
299,1.0017543398022833e-05,2.947265625,0.3945166015625
300,1.0004386330503091e-05,2.93359375,0.3990087890625
1,1e-05,8.578125,0.010000839233398437
2,5.9e-05,8.2734375,0.010000839233398437
3,0.000108,8.0625,0.010000839233398437
4,0.000157,7.87890625,0.010000839233398437
5,0.000206,7.640625,0.010000839233398437
6,0.000255,7.44140625,0.010000839233398437
7,0.000304,7.2265625,0.010000839233398437
8,0.000353,7.0078125,0.010000839233398437
9,0.000402,6.82421875,0.010000839233398437
10,0.000451,6.70703125,0.010000839233398437
11,0.0005,6.5625,0.010000839233398437
12,0.0004993834667466257,6.43359375,0.010000839233398437
13,0.0004975376681190276,6.32421875,0.010000839233398437
14,0.0004944739840795354,6.1953125,0.010000839233398437
15,0.0004902113032590308,6.08203125,0.010000839233398437
16,0.0004847759065022574,6.03515625,0.010001068115234374
17,0.0004782013048376736,5.9375,0.010000839233398437
18,0.00047052803287081843,5.828125,0.010000839233398437
19,0.0004618033988749895,5.7578125,0.015000686645507813
20,0.0004520811931200062,5.65625,0.013500137329101563
21,0.0004414213562373095,5.57421875,0.02220100402832031
22,0.0004298896096660367,5.46875,0.0287017822265625
23,0.00041755705045849463,5.37890625,0.0570025634765625
24,0.0004044997129431898,5.3125,0.11779541015625
25,0.00039079809994790936,5.23828125,0.1711083984375
26,0.000376536686473018,5.1796875,0.20687744140625
27,0.0003618033988749895,5.0546875,0.2011865234375
28,0.00034668907277118113,5.00390625,0.24297119140625
29,0.0003312868930080462,4.9453125,0.2558642578125
30,0.000315691819145569,4.890625,0.23587646484375
31,0.00030000000000000003,4.80859375,0.20667724609375
32,0.00028430818085443103,4.75390625,0.20458740234375
33,0.0002687131069919538,4.7109375,0.243974609375
34,0.000253310927228819,4.65234375,0.2248779296875
35,0.00023819660112501053,4.59765625,0.2635693359375
36,0.00022346331352698207,4.5390625,0.2926953125
37,0.00020920190005209064,4.49609375,0.3087060546875
38,0.00019550028705681027,4.484375,0.2995947265625
39,0.0001824429495415054,4.42578125,0.287578125
40,0.0001701103903339633,4.3671875,0.31150634765625
41,0.00015857864376269052,4.34375,0.3219970703125
42,0.0001479188068799938,4.3203125,0.340009765625
43,0.00013819660112501054,4.3046875,0.34291015625
44,0.00012947196712918157,4.2421875,0.32429443359375
45,0.00012179869516232644,4.20703125,0.3467236328125
46,0.00011522409349774266,4.19921875,0.3325048828125
47,0.0001097886967409693,4.17578125,0.3294140625
48,0.0001055260159204647,4.15625,0.3468017578125
49,0.00010246233188097247,4.140625,0.3460107421875
50,0.00010061653325337441,4.1015625,0.340302734375
51,0.0001,4.109375,0.3494921875
52,9.999451708687114e-05,4.08203125,0.3364990234375
53,9.997807075247147e-05,4.078125,0.345517578125
54,9.99506682107068e-05,4.05859375,0.368095703125
55,9.991232148123761e-05,4.03515625,0.3726806640625
56,9.986304738420683e-05,4.0,0.361787109375
57,9.980286753286194e-05,4.015625,0.3559130859375
58,9.973180832407472e-05,4.0,0.35958984375
59,9.964990092676263e-05,3.97265625,0.369697265625
60,9.955718126821723e-05,3.96875,0.373310546875
61,9.945369001834514e-05,3.9296875,0.3677001953125
62,9.933947257182902e-05,3.951171875,0.363603515625
63,9.921457902821579e-05,3.921875,0.380390625
64,9.907906416994146e-05,3.921875,0.3554052734375
65,9.893298743830168e-05,3.908203125,0.37130859375
66,9.877641290737885e-05,3.89453125,0.365205078125
67,9.860940925593703e-05,3.90234375,0.367509765625
68,9.843204973729728e-05,3.85546875,0.3738916015625
69,9.824441214720629e-05,3.8671875,0.36681640625
70,9.804657878971252e-05,3.841796875,0.3751123046875
71,9.783863644106502e-05,3.837890625,0.365595703125
72,9.762067631165049e-05,3.8359375,0.3785888671875
73,9.739279400598533e-05,3.83203125,0.3798193359375
74,9.715508948078037e-05,3.775390625,0.3832275390625
75,9.690766700109659e-05,3.794921875,0.3756005859375
76,9.665063509461098e-05,3.787109375,0.3674853515625
77,9.638410650401267e-05,3.763671875,0.3862060546875
78,9.610819813755039e-05,3.76171875,0.3800048828125
79,9.582303101775249e-05,3.74609375,0.356015625
80,9.552873022834261e-05,3.72265625,0.366806640625
81,9.52254248593737e-05,3.73046875,0.3759033203125
82,9.491324795060492e-05,3.7109375,0.3722021484375
83,9.4592336433146e-05,3.697265625,0.377294921875
84,9.426283106939474e-05,3.705078125,0.383994140625
85,9.392487639129392e-05,3.708984375,0.3931005859375
86,9.357862063693486e-05,3.669921875,0.37640625
87,9.32242156855353e-05,3.6796875,0.3711962890625
88,9.286181699082009e-05,3.671875,0.37580078125
89,9.249158351283414e-05,3.6484375,0.3885888671875
90,9.211367764821722e-05,3.646484375,0.395302734375
91,9.172826515897145e-05,3.62109375,0.376591796875
92,9.133551509975265e-05,3.607421875,0.39537109375
93,9.093559974371725e-05,3.615234375,0.37041015625
94,9.052869450695776e-05,3.607421875,0.3902880859375
95,9.011497787155939e-05,3.591796875,0.3831005859375
96,8.969463130731183e-05,3.580078125,0.3875927734375
97,8.92678391921108e-05,3.5625,0.3933984375
98,8.88347887310836e-05,3.548828125,0.4061865234375
99,8.839566987447491e-05,3.55859375,0.382998046875
100,8.795067523432826e-05,3.5234375,0.3959814453125
101,8.750000000000001e-05,3.537109375,0.383876953125
102,8.704384185254289e-05,3.529296875,0.387314453125
103,8.658240087799655e-05,3.505859375,0.381796875
104,8.611587947962319e-05,3.498046875,0.4048876953125
105,8.564448228912683e-05,3.509765625,0.38880859375
106,8.516841607689502e-05,3.490234375,0.3827880859375
107,8.468788966130258e-05,3.482421875,0.3974755859375
108,8.420311381711695e-05,3.48046875,0.3978955078125
109,8.371430118304539e-05,3.474609375,0.4018017578125
110,8.322166616846458e-05,3.470703125,0.39701171875
111,8.27254248593737e-05,3.455078125,0.400390625
112,8.222579492361179e-05,3.431640625,0.399111328125
113,8.172299551538164e-05,3.439453125,0.3851220703125
114,8.121724717912137e-05,3.431640625,0.40908203125
115,8.07087717527664e-05,3.431640625,0.395498046875
116,8.019779227044398e-05,3.392578125,0.40939453125
117,7.968453286464312e-05,3.396484375,0.3953857421875
118,7.916921866790257e-05,3.3828125,0.4000146484375
119,7.86520757140603e-05,3.404296875,0.3986865234375
120,7.813333083910761e-05,3.38671875,0.404599609375
121,7.761321158169134e-05,3.3828125,0.4079736328125
122,7.70919460833079e-05,3.373046875,0.401484375
123,7.656976298823283e-05,3.375,0.4103857421875
124,7.604689134322999e-05,3.345703125,0.407587890625
125,7.552356049708393e-05,3.353515625,0.4184033203125
126,7.500000000000001e-05,3.330078125,0.4035107421875
127,7.447643950291609e-05,3.326171875,0.405791015625
128,7.395310865677003e-05,3.32421875,0.399189453125
129,7.343023701176717e-05,3.3203125,0.4050830078125
130,7.290805391669212e-05,3.3046875,0.402890625
131,7.238678841830867e-05,3.267578125,0.40390625
132,7.18666691608924e-05,3.298828125,0.41048828125
133,7.134792428593972e-05,3.283203125,0.40869140625
134,7.083078133209745e-05,3.287109375,0.3939990234375
135,7.031546713535688e-05,3.279296875,0.418701171875
136,6.980220772955602e-05,3.2890625,0.3991015625
137,6.929122824723361e-05,3.2734375,0.4029931640625
138,6.878275282087864e-05,3.25,0.40640625
139,6.827700448461836e-05,3.267578125,0.4104833984375
140,6.777420507638821e-05,3.220703125,0.4182861328125
141,6.727457514062632e-05,3.2421875,0.4050830078125
142,6.677833383153542e-05,3.2578125,0.4087841796875
143,6.628569881695463e-05,3.212890625,0.390693359375
144,6.579688618288306e-05,3.22265625,0.3958935546875
145,6.531211033869742e-05,3.203125,0.4092919921875
146,6.4831583923105e-05,3.201171875,0.401689453125
147,6.435551771087318e-05,3.1953125,0.4089990234375
148,6.388412052037683e-05,3.19921875,0.4076904296875
149,6.341759912200347e-05,3.193359375,0.41177734375
150,6.295615814745712e-05,3.19140625,0.418388671875
151,6.25e-05,3.173828125,0.403291015625
152,6.204932476567175e-05,3.173828125,0.4069970703125
153,6.160433012552508e-05,3.169921875,0.4052978515625
154,6.11652112689164e-05,3.15625,0.4185986328125
155,6.0732160807889215e-05,3.171875,0.414404296875
156,6.0305368692688175e-05,3.146484375,0.4141015625
157,5.9885022128440634e-05,3.154296875,0.4043994140625
158,5.947130549304225e-05,3.1484375,0.414189453125
159,5.906440025628276e-05,3.146484375,0.4205859375
160,5.866448490024736e-05,3.154296875,0.421787109375
161,5.8271734841028554e-05,3.14453125,0.4006005859375
162,5.788632235178279e-05,3.125,0.4259033203125
163,5.750841648716587e-05,3.119140625,0.400517578125
164,5.713818300917992e-05,3.08984375,0.4105859375
165,5.677578431446472e-05,3.1015625,0.4149072265625
166,5.6421379363065146e-05,3.099609375,0.4170947265625
167,5.6075123608706096e-05,3.103515625,0.4075
168,5.5737168930605275e-05,3.08984375,0.4098876953125
169,5.540766356685401e-05,3.06640625,0.4218896484375
170,5.50867520493951e-05,3.087890625,0.41759765625
171,5.477457514062632e-05,3.060546875,0.4080859375
172,5.44712697716574e-05,3.091796875,0.4119921875
173,5.417696898224752e-05,3.072265625,0.40689453125
174,5.389180186244963e-05,3.08203125,0.4215966796875
175,5.3615893495987336e-05,3.064453125,0.401484375
176,5.3349364905389034e-05,3.05078125,0.416484375
177,5.309233299890342e-05,3.03515625,0.4221875
178,5.2844910519219637e-05,3.052734375,0.40939453125
179,5.260720599401468e-05,3.06640625,0.41189453125
180,5.2379323688349515e-05,3.0390625,0.417294921875
181,5.2161363558934975e-05,3.04296875,0.416484375
182,5.195342121028749e-05,3.060546875,0.413486328125
183,5.175558785279372e-05,3.033203125,0.4155029296875
184,5.1567950262702716e-05,3.001953125,0.4011865234375
185,5.1390590744062975e-05,3.025390625,0.418115234375
186,5.122358709262116e-05,3.01171875,0.42048828125
187,5.106701256169832e-05,3.01171875,0.4051123046875
188,5.092093583005855e-05,3.0078125,0.4150927734375
189,5.078542097178423e-05,3.005859375,0.4226904296875
190,5.0660527428170995e-05,3.001953125,0.4223876953125
191,5.054630998165486e-05,2.98828125,0.4146044921875
192,5.0442818731782785e-05,2.98828125,0.40658203125
193,5.0350099073237384e-05,2.98046875,0.413291015625
194,5.0268191675925295e-05,2.99609375,0.419091796875
195,5.0197132467138056e-05,2.98828125,0.40740234375
196,5.013695261579317e-05,2.974609375,0.41060546875
197,5.008767851876239e-05,2.95703125,0.42439453125
198,5.004933178929321e-05,2.98828125,0.39869140625
199,5.002192924752854e-05,2.966796875,0.418408203125
200,5.0005482913128864e-05,2.970703125,0.420087890625
201,5e-05,2.9609375,0.4153955078125
202,4.999890338731025e-05,2.984375,0.4214990234375
203,4.999561366949691e-05,2.947265625,0.423095703125
204,4.999013120731463e-05,2.966796875,0.4221044921875
205,4.998245660197717e-05,2.951171875,0.4189990234375
206,4.9972590695091475e-05,2.94140625,0.4177880859375
207,4.9960534568565435e-05,2.947265625,0.4196044921875
208,4.994628954448916e-05,2.951171875,0.42859375
209,4.992985718499009e-05,2.943359375,0.4055029296875
210,4.99112392920616e-05,2.94140625,0.4131005859375
211,4.989043790736547e-05,2.916015625,0.4189990234375
212,4.986745531200793e-05,2.916015625,0.4215966796875
213,4.9842294026289564e-05,2.91015625,0.4330810546875
214,4.9814956809428875e-05,2.90625,0.4230810546875
215,4.978544665925977e-05,2.90625,0.4202001953125
216,4.9753766811902755e-05,2.91015625,0.4078759765625
217,4.97199207414101e-05,2.916015625,0.41169921875
218,4.968391215938484e-05,2.921875,0.41029296875
219,4.964574501457378e-05,2.890625,0.4192822265625
220,4.960542349243444e-05,2.912109375,0.4183984375
221,4.9562952014676115e-05,2.9140625,0.42419921875
222,4.951833523877495e-05,2.890625,0.413701171875
223,4.9471578057463205e-05,2.89453125,0.428603515625
224,4.942268559819272e-05,2.900390625,0.4215771484375
225,4.9371663222572624e-05,2.88671875,0.41447265625
226,4.9318516525781366e-05,2.876953125,0.41328125
227,4.926325133595317e-05,2.873046875,0.4197802734375
228,4.920587371353886e-05,2.8671875,0.41548828125
229,4.9146389950641344e-05,2.87109375,0.4240869140625
230,4.9084806570325536e-05,2.853515625,0.416884765625
231,4.9021130325903075e-05,2.86328125,0.413203125
232,4.895536820019172e-05,2.86328125,0.421708984375
233,4.888752740474962e-05,2.8828125,0.427998046875
234,4.881761537908451e-05,2.88671875,0.4151025390625
235,4.8745639789837837e-05,2.85546875,0.423916015625
236,4.8671608529944034e-05,2.861328125,0.4219970703125
237,4.859552971776503e-05,2.8515625,0.4099853515625
238,4.85174116961999e-05,2.857421875,0.40958984375
239,4.8437263031770014e-05,2.85546875,0.4141015625
240,4.8355092513679626e-05,2.83984375,0.4276806640625
241,4.827090915285202e-05,2.8359375,0.4230078125
242,4.8184722180941376e-05,2.837890625,0.4231005859375
243,4.809654104932039e-05,2.828125,0.422802734375
244,4.800637542804387e-05,2.822265625,0.4257861328125
245,4.791423520478826e-05,2.830078125,0.419697265625
246,4.782013048376736e-05,2.80859375,0.4159033203125
247,4.7724071584624295e-05,2.818359375,0.4216064453125
248,4.7626069041299846e-05,2.833984375,0.4177001953125
249,4.7526133600877274e-05,2.82421875,0.4240966796875
250,4.7424276222403795e-05,2.8203125,0.4288037109375
251,4.732050807568878e-05,2.826171875,0.4211962890625
252,4.7214840540078876e-05,2.818359375,0.432490234375
253,4.710728520321014e-05,2.849609375,0.414892578125
254,4.699785385973728e-05,2.8046875,0.420673828125
255,4.6886558510040304e-05,2.814453125,0.4234716796875
256,4.6773411358908485e-05,2.80078125,0.4358154296875
257,4.665842481420199e-05,2.80078125,0.430703125
258,4.654161148549124e-05,2.78515625,0.4270849609375
259,4.642298418267408e-05,2.79296875,0.4215966796875
260,4.630255591457108e-05,2.798828125,0.4247998046875
261,4.618033988749895e-05,2.796875,0.4221923828125
262,4.6056349503822294e-05,2.794921875,0.4162890625
263,4.5930598360483925e-05,2.783203125,0.4144970703125
264,4.580310024751381e-05,2.77734375,0.4162939453125
265,4.5673869146516796e-05,2.76171875,0.4141845703125
266,4.554291922913942e-05,2.751953125,0.4205908203125
267,4.541026485551579e-05,2.78515625,0.4351953125
268,4.5275920572692846e-05,2.75,0.4245947265625
269,4.513990111303513e-05,2.767578125,0.427392578125
270,4.5002221392609195e-05,2.7578125,0.426689453125
271,4.4862896509547885e-05,2.73046875,0.4193896484375
272,4.472194174239469e-05,2.75,0.4254931640625
273,4.457937254842823e-05,2.751953125,0.4251904296875
274,4.443520456196724e-05,2.76953125,0.43509765625
275,4.4289453592656066e-05,2.765625,0.4341162109375
276,4.4142135623730954e-05,2.76171875,0.433896484375
277,4.399326681026731e-05,2.740234375,0.42478515625
278,4.384286347740814e-05,2.734375,0.409794921875
279,4.369094211857378e-05,2.732421875,0.4283935546875
280,4.3537519393653216e-05,2.716796875,0.4308056640625
281,4.3382612127177165e-05,2.734375,0.418203125
282,4.322623730647304e-05,2.7109375,0.4282958984375
283,4.3068412079802113e-05,2.736328125,0.426298828125
284,4.2909153754479016e-05,2.716796875,0.4181103515625
285,4.2748479794973796e-05,2.744140625,0.4295068359375
286,4.258640782099675e-05,2.712890625,0.428095703125
287,4.242295560556621e-05,2.724609375,0.4178759765625
288,4.225814107305953e-05,2.732421875,0.42189453125
289,4.2091982297247504e-05,2.71875,0.418408203125
290,4.1924497499312316e-05,2.705078125,0.41869140625
291,4.1755705045849464e-05,2.701171875,0.429794921875
292,4.158562344685357e-05,2.712890625,0.425908203125
293,4.141427135368864e-05,2.708984375,0.408876953125
294,4.124166755704261e-05,2.685546875,0.41818359375
295,4.106783098486688e-05,2.7109375,0.4193017578125
296,4.089278070030054e-05,2.71484375,0.4243896484375
297,4.0716535899579935e-05,2.701171875,0.42580078125
298,4.0539115909933553e-05,2.689453125,0.4142041015625
299,4.036054018746261e-05,2.6953125,0.4284912109375
300,4.018082831500743e-05,2.693359375,0.4259912109375
301,4e-05,2.669921875,0.422294921875
302,3.981807507230282e-05,2.671875,0.42650390625
303,3.963507348203431e-05,2.671875,0.4147900390625
304,3.9451015297381084e-05,2.685546875,0.420888671875
305,3.926592070239724e-05,2.6796875,0.4337109375
306,3.9079809994790936e-05,2.669921875,0.423994140625
307,3.889270358369855e-05,2.671875,0.4289892578125
308,3.8704621987446554e-05,2.673828125,0.4328955078125
309,3.851558583130146e-05,2.67578125,0.439296875
310,3.832561584520803e-05,2.67578125,0.4276171875
311,3.813473286151601e-05,2.673828125,0.432099609375
312,3.7942957812695615e-05,2.6640625,0.4305078125
313,3.7750311729042064e-05,2.681640625,0.424189453125
314,3.755681573636935e-05,2.650390625,0.419404296875
315,3.736249105369356e-05,2.638671875,0.4244970703125
316,3.7167358990906004e-05,2.634765625,0.4239892578125
317,3.697144094643631e-05,2.658203125,0.4175830078125
318,3.6774758404905836e-05,2.642578125,0.42640625
319,3.657733293477167e-05,2.640625,0.4298828125
320,3.63791861859614e-05,2.623046875,0.427998046875
321,3.6180339887498953e-05,2.646484375,0.42330078125
322,3.5980815845121737e-05,2.6484375,0.41728515625
323,3.578063593888943e-05,2.640625,0.4267822265625
324,3.557982212078459e-05,2.626953125,0.4314013671875
325,3.537839641230532e-05,2.6640625,0.4320947265625
326,3.517638090205042e-05,2.623046875,0.415
327,3.4973797743297106e-05,2.62109375,0.4212939453125
328,3.4770669151571624e-05,2.626953125,0.42830078125
329,3.456701740221312e-05,2.619140625,0.43001953125
330,3.4362864827930854e-05,2.623046875,0.423984375
331,3.415823381635519e-05,2.634765625,0.414482421875
332,3.395314680758253e-05,2.638671875,0.4356884765625
333,3.37476262917145e-05,2.626953125,0.417392578125
334,3.354169480639167e-05,2.61328125,0.444208984375
335,3.333537493432205e-05,2.603515625,0.4400927734375
336,3.312868930080462e-05,2.609375,0.428603515625
337,3.292166057124824e-05,2.626953125,0.4280859375
338,3.2714311448686095e-05,2.630859375,0.4286083984375
339,3.2506664671286086e-05,2.59765625,0.42640625
340,3.2298743009857336e-05,2.59765625,0.41580078125
341,3.209056926535307e-05,2.58984375,0.42390625
342,3.188216626637029e-05,2.58203125,0.42138671875
343,3.167355686664632e-05,2.595703125,0.432314453125
344,3.146476394255264e-05,2.603515625,0.4347021484375
345,3.125581039058627e-05,2.587890625,0.432099609375
346,3.1046719124858885e-05,2.59375,0.4251025390625
347,3.0837513074583995e-05,2.58984375,0.4387939453125
348,3.062821518156257e-05,2.59375,0.4193994140625
349,3.041884839766714e-05,2.57421875,0.432998046875
350,3.0209435682324922e-05,2.595703125,0.42939453125
351,3.0000000000000004e-05,2.56640625,0.428193359375
352,2.9790564317675093e-05,2.5625,0.4281982421875
353,2.9581151602332867e-05,2.5625,0.42791015625
354,2.937178481843744e-05,2.5859375,0.4313134765625
355,2.9162486925416013e-05,2.580078125,0.4336962890625
356,2.8953280875141124e-05,2.56640625,0.43291015625
357,2.8744189609413736e-05,2.564453125,0.432275390625
358,2.8535236057447376e-05,2.5703125,0.429306640625
359,2.8326443133353694e-05,2.5546875,0.428388671875
360,2.8117833733629717e-05,2.55078125,0.4265966796875
361,2.7909430734646938e-05,2.564453125,0.431591796875
362,2.7701256990142672e-05,2.5546875,0.4258984375
363,2.7493335328713916e-05,2.541015625,0.4291943359375
364,2.7285688551313914e-05,2.560546875,0.43140625
365,2.707833942875177e-05,2.5703125,0.427802734375
366,2.6871310699195383e-05,2.548828125,0.42990234375
367,2.6664625065677956e-05,2.564453125,0.4302783203125
368,2.6458305193608337e-05,2.572265625,0.4327978515625
369,2.6252373708285507e-05,2.548828125,0.4198095703125
370,2.604685319241748e-05,2.55859375,0.42810546875
371,2.584176618364482e-05,2.546875,0.426298828125
372,2.5637135172069154e-05,2.537109375,0.42478515625
373,2.5432982597786885e-05,2.5546875,0.4239892578125
374,2.5229330848428388e-05,2.544921875,0.4290869140625
375,2.502620225670291e-05,2.55078125,0.43150390625
376,2.4823619097949585e-05,2.546875,0.423173828125
377,2.462160358769469e-05,2.537109375,0.4294970703125
378,2.442017787921542e-05,2.50390625,0.428017578125
379,2.4219364061110566e-05,2.5390625,0.4199853515625
380,2.4019184154878272e-05,2.5234375,0.434892578125
381,2.3819660112501055e-05,2.53125,0.4311962890625
382,2.36208138140386e-05,2.53515625,0.4281103515625
383,2.342266706522834e-05,2.537109375,0.4341015625
384,2.3225241595094172e-05,2.537109375,0.425595703125
385,2.30285590535637e-05,2.52734375,0.428603515625
386,2.2832641009093998e-05,2.53515625,0.4198974609375
387,2.2637508946306445e-05,2.5234375,0.432802734375
388,2.244318426363066e-05,2.505859375,0.433408203125
389,2.2249688270957944e-05,2.51171875,0.4285791015625
390,2.2057042187304393e-05,2.517578125,0.42548828125
391,2.1865267138484e-05,2.51953125,0.4268994140625
392,2.167438415479198e-05,2.5234375,0.4344921875
393,2.148441416869855e-05,2.525390625,0.4368017578125
394,2.1295378012553454e-05,2.5234375,0.4335205078125
395,2.1107296416301457e-05,2.505859375,0.4349951171875
396,2.0920190005209066e-05,2.515625,0.4339892578125
397,2.0734079297602774e-05,2.501953125,0.4292041015625
398,2.0548984702618924e-05,2.517578125,0.4234912109375
399,2.0364926517965692e-05,2.51171875,0.425302734375
400,2.0181924927697185e-05,2.50390625,0.437607421875
401,2.0000000000000005e-05,2.498046875,0.4344140625
402,1.9819171684992575e-05,2.505859375,0.42990234375
403,1.96394598125374e-05,2.46875,0.426015625
404,1.9460884090066448e-05,2.501953125,0.424306640625
405,1.9283464100420066e-05,2.49609375,0.4330126953125
406,1.9107219299699458e-05,2.482421875,0.4291943359375
407,1.893216901513312e-05,2.490234375,0.424599609375
408,1.8758332442957395e-05,2.49609375,0.4270068359375
409,1.858572864631137e-05,2.484375,0.43158203125
410,1.841437655314643e-05,2.48828125,0.4300927734375
411,1.824429495415054e-05,2.490234375,0.4289990234375
412,1.8075502500687682e-05,2.4765625,0.427294921875
413,1.7908017702752504e-05,2.486328125,0.427490234375
414,1.7741858926940476e-05,2.48828125,0.4271044921875
415,1.7577044394433796e-05,2.4921875,0.42951171875
416,1.7413592179003256e-05,2.478515625,0.4299072265625
417,1.7251520205026206e-05,2.48046875,0.430185546875
418,1.7090846245520985e-05,2.490234375,0.4295947265625
419,1.693158792019789e-05,2.478515625,0.4329931640625
420,1.6773762693526967e-05,2.490234375,0.428291015625
421,1.6617387872822843e-05,2.466796875,0.431796875
422,1.646248060634679e-05,2.474609375,0.432197265625
423,1.6309057881426227e-05,2.4765625,0.4324951171875
424,1.6157136522591868e-05,2.48046875,0.4343115234375
425,1.600673318973269e-05,2.48046875,0.4310888671875
426,1.585786437626905e-05,2.474609375,0.4348046875
427,1.571054640734394e-05,2.470703125,0.42900390625
428,1.556479543803276e-05,2.458984375,0.427412109375
429,1.5420627451571773e-05,2.46484375,0.428203125
430,1.5278058257605315e-05,2.46875,0.433203125
431,1.5137103490452113e-05,2.47265625,0.4301220703125
432,1.499777860739081e-05,2.474609375,0.426298828125
433,1.4860098886964875e-05,2.4609375,0.43259765625
434,1.4724079427307162e-05,2.466796875,0.426806640625
435,1.4589735144484218e-05,2.484375,0.4311865234375
436,1.4457080770860583e-05,2.4765625,0.4270947265625
437,1.4326130853483207e-05,2.44921875,0.4306005859375
438,1.4196899752486193e-05,2.458984375,0.4305029296875
439,1.4069401639516076e-05,2.451171875,0.4335009765625
440,1.3943650496177714e-05,2.462890625,0.4356982421875
441,1.3819660112501054e-05,2.46484375,0.437099609375
442,1.3697444085428915e-05,2.44921875,0.435703125
443,1.357701581732592e-05,2.458984375,0.4314892578125
444,1.3458388514508761e-05,2.44140625,0.4305908203125
445,1.3341575185798013e-05,2.44140625,0.43419921875
446,1.3226588641091523e-05,2.451171875,0.42970703125
447,1.3113441489959704e-05,2.458984375,0.431904296875
448,1.3002146140262726e-05,2.458984375,0.435703125
449,1.289271479678987e-05,2.45703125,0.4353076171875
450,1.278515945992113e-05,2.439453125,0.4340966796875
451,1.2679491924311227e-05,2.462890625,0.432001953125
452,1.2575723777596214e-05,2.44140625,0.4318896484375
453,1.2473866399122734e-05,2.451171875,0.4369189453125
454,1.2373930958700158e-05,2.447265625,0.4337939453125
455,1.2275928415375706e-05,2.453125,0.432294921875
456,1.2179869516232646e-05,2.43359375,0.43900390625
457,1.2085764795211743e-05,2.455078125,0.438701171875
458,1.199362457195613e-05,2.470703125,0.4375
459,1.1903458950679614e-05,2.4453125,0.434990234375
460,1.1815277819058631e-05,2.43359375,0.435703125
461,1.1729090847147981e-05,2.44140625,0.438818359375
462,1.1644907486320379e-05,2.4375,0.43740234375
463,1.1562736968229993e-05,2.43359375,0.438203125
464,1.1482588303800106e-05,2.44921875,0.433818359375
465,1.1404470282234973e-05,2.45703125,0.4311962890625
466,1.1328391470055969e-05,2.458984375,0.4364013671875
467,1.1254360210162172e-05,2.44921875,0.4327978515625
468,1.1182384620915492e-05,2.435546875,0.4357958984375
469,1.111247259525038e-05,2.45703125,0.4316943359375
470,1.104463179980829e-05,2.427734375,0.4308935546875
471,1.097886967409693e-05,2.42578125,0.4327001953125
472,1.0915193429674465e-05,2.41796875,0.4334033203125
473,1.0853610049358656e-05,2.439453125,0.434404296875
474,1.0794126286461139e-05,2.43359375,0.4312109375
475,1.0736748664046839e-05,2.4375,0.4310986328125
476,1.0681483474218637e-05,2.435546875,0.4291943359375
477,1.062833677742738e-05,2.431640625,0.43458984375
478,1.0577314401807281e-05,2.416015625,0.4358056640625
479,1.0528421942536794e-05,2.421875,0.43279296875
480,1.0481664761225052e-05,2.4375,0.4334912109375
481,1.0437047985323887e-05,2.43359375,0.4338037109375
482,1.0394576507565566e-05,2.43359375,0.433798828125
483,1.035425498542623e-05,2.40625,0.4351123046875
484,1.0316087840615164e-05,2.4140625,0.4330029296875
485,1.0280079258589903e-05,2.4375,0.4362158203125
486,1.0246233188097248e-05,2.4296875,0.4335986328125
487,1.0214553340740235e-05,2.4375,0.4369091796875
488,1.0185043190571128e-05,2.427734375,0.4368212890625
489,1.0157705973710446e-05,2.4296875,0.431708984375
490,1.0132544687992071e-05,2.427734375,0.43560546875
491,1.0109562092634535e-05,2.423828125,0.4381982421875
492,1.00887607079384e-05,2.416015625,0.4408984375
493,1.0070142815009913e-05,2.421875,0.4316748046875
494,1.0053710455510838e-05,2.42578125,0.4344970703125
495,1.003946543143457e-05,2.416015625,0.4375048828125
496,1.0027409304908525e-05,2.408203125,0.43421875
497,1.0017543398022833e-05,2.431640625,0.4327978515625
498,1.0009868792685368e-05,2.40625,0.4343994140625
499,1.0004386330503091e-05,2.443359375,0.4368017578125
500,1.0001096612689758e-05,2.423828125,0.43341796875
501,1e-05,2.404296875,0.433408203125
502,9.999906239066652e-06,2.4140625,0.4307861328125
503,9.999624959968129e-06,2.4375,0.434287109375
504,9.999156173808844e-06,2.408203125,0.43490234375
505,9.998499899095675e-06,2.41796875,0.431103515625
506,9.997656161737227e-06,2.416015625,0.433515625
507,9.9966249950428e-06,2.408203125,0.4301025390625
508,9.995406439721094e-06,2.4296875,0.433212890625
509,9.994000543878584e-06,2.400390625,0.432890625
510,9.992407363017633e-06,2.421875,0.43390625
511,9.990626960034291e-06,2.42578125,0.4387939453125
512,9.98865940521582e-06,2.400390625,0.431298828125
513,9.986504776237916e-06,2.41796875,0.4292041015625
514,9.984163158161641e-06,2.4296875,0.4283935546875
515,9.98163464343007e-06,2.40625,0.435107421875
516,9.978919331864631e-06,2.41796875,0.438505859375
517,9.976017330661177e-06,2.419921875,0.43361328125
518,9.972928754385746e-06,2.3984375,0.4304931640625
519,9.969653724970041e-06,2.4140625,0.4326806640625
520,9.966192371706615e-06,2.408203125,0.43541015625
521,9.96254483124377e-06,2.408203125,0.4313134765625
522,9.958711247580156e-06,2.408203125,0.4338232421875
523,9.954691772059093e-06,2.3984375,0.4334130859375
524,9.950486563362591e-06,2.404296875,0.42509765625
525,9.946095787505092e-06,2.38671875,0.4243896484375
526,9.941519617826906e-06,2.41015625,0.4336962890625
527,9.936758234987373e-06,2.41015625,0.4318994140625
528,9.931811826957742e-06,2.4140625,0.4312890625
529,9.926680589013726e-06,2.41796875,0.43298828125
530,9.921364723727818e-06,2.390625,0.4308056640625
531,9.915864440961272e-06,2.408203125,0.4268994140625
532,9.910179957855837e-06,2.40234375,0.433203125
533,9.904311498825173e-06,2.400390625,0.4305029296875
534,9.898259295545993e-06,2.404296875,0.433818359375
535,9.89202358694892e-06,2.40234375,0.4302001953125
536,9.885604619209052e-06,2.41015625,0.4291943359375
537,9.879002645736244e-06,2.38671875,0.4303857421875
538,9.872217927165102e-06,2.41015625,0.430185546875
539,9.865250731344703e-06,2.392578125,0.434306640625
540,9.858101333328003e-06,2.42578125,0.4321923828125
541,9.850770015360999e-06,2.412109375,0.429287109375
542,9.843257066871567e-06,2.40234375,0.4272119140625
543,9.835562784458052e-06,2.39453125,0.42609375
544,9.827687471877547e-06,2.41015625,0.4280029296875
545,9.819631440033909e-06,2.392578125,0.4301025390625
546,9.811395006965481e-06,2.400390625,0.4351025390625
547,9.802978497832536e-06,2.404296875,0.4325927734375
548,9.794382244904447e-06,2.392578125,0.429814453125
549,9.785606587546555e-06,2.39453125,0.435107421875
550,9.77665187220679e-06,2.400390625,0.432099609375
551,9.767518452401981e-06,2.390625,0.430087890625
552,9.7582066887039e-06,2.400390625,0.431904296875
553,9.748716948725037e-06,2.408203125,0.427509765625
554,9.739049607104074e-06,2.408203125,0.4319921875
555,9.729205045491108e-06,2.392578125,0.4321044921875
556,9.719183652532572e-06,2.3828125,0.431416015625
557,9.708985823855904e-06,2.400390625,0.42859375
558,9.698611962053913e-06,2.40234375,0.4359033203125
559,9.688062476668908e-06,2.419921875,0.4305029296875
560,9.677337784176502e-06,2.41015625,0.4308984375
561,9.666438307969194e-06,2.39453125,0.429814453125
562,9.655364478339643e-06,2.3671875,0.4334130859375
563,9.644116732463676e-06,2.38671875,0.4264013671875
564,9.632695514383046e-06,2.40625,0.427197265625
565,9.621101274987885e-06,2.37890625,0.43419921875
566,9.609334471998911e-06,2.38671875,0.4289990234375
567,9.59739556994936e-06,2.404296875,0.432783203125
568,9.58528504016664e-06,2.37890625,0.4304052734375
569,9.57300336075373e-06,2.37890625,0.431298828125
570,9.560551016570306e-06,2.392578125,0.432490234375
571,9.547928499213594e-06,2.390625,0.4371044921875
572,9.535136306998963e-06,2.400390625,0.4295068359375
573,9.522174944940263e-06,2.400390625,0.4331005859375
574,9.509044924729872e-06,2.37890625,0.43021484375
575,9.495746764718504e-06,2.37109375,0.4324169921875
576,9.482280989894748e-06,2.388671875,0.4322998046875
577,9.468648131864338e-06,2.392578125,0.434697265625
578,9.454848728829163e-06,2.380859375,0.433603515625
579,9.440883325566029e-06,2.38671875,0.435390625
580,9.426752473405142e-06,2.3828125,0.4354052734375
581,9.412456730208352e-06,2.373046875,0.4350927734375
582,9.39799666034712e-06,2.388671875,0.4318896484375
583,9.383372834680248e-06,2.388671875,0.4293896484375
584,9.368585830531329e-06,2.396484375,0.43529296875
585,9.353636231665967e-06,2.400390625,0.4332080078125
586,9.338524628268733e-06,2.388671875,0.4312060546875
587,9.323251616919849e-06,2.388671875,0.4360009765625
588,9.307817800571653e-06,2.404296875,0.434794921875
589,9.292223788524787e-06,2.3828125,0.4357958984375
590,9.276470196404146e-06,2.369140625,0.4309130859375
591,9.260557646134572e-06,2.373046875,0.433203125
592,9.244486765916304e-06,2.39453125,0.4355126953125
593,9.228258190200175e-06,2.390625,0.43060546875
594,9.211872559662564e-06,2.40234375,0.431484375
595,9.195330521180111e-06,2.388671875,0.425205078125
596,9.17863272780417e-06,2.39453125,0.4278076171875
597,9.161779838735031e-06,2.359375,0.43119140625
598,9.144772519295899e-06,2.392578125,0.4319873046875
599,9.127611440906625e-06,2.3828125,0.428505859375
600,9.110297281057197e-06,2.376953125,0.4354931640625
601,9.092830723281e-06,2.3671875,0.434609375
602,9.075212457127829e-06,2.373046875,0.4356005859375
603,9.057443178136665e-06,2.384765625,0.436083984375
604,9.039523587808212e-06,2.369140625,0.4331884765625
605,9.021454393577219e-06,2.388671875,0.4348095703125
606,9.00323630878453e-06,2.3671875,0.4297021484375
607,8.98487005264894e-06,2.357421875,0.4333984375
608,8.966356350238793e-06,2.375,0.4367919921875
609,8.947695932443362e-06,2.365234375,0.4366943359375
610,8.928889535943985e-06,2.3671875,0.4308984375
611,8.909937903185e-06,2.384765625,0.430205078125
612,8.890841782344413e-06,2.369140625,0.4305859375
613,8.871601927304379e-06,2.359375,0.427998046875
614,8.85221909762143e-06,2.365234375,0.432705078125
615,8.832694058496493e-06,2.376953125,0.4351904296875
616,8.813027580744683e-06,2.3828125,0.4368017578125
617,8.793220440764867e-06,2.384765625,0.4382958984375
618,8.773273420509013e-06,2.369140625,0.431201171875
619,8.753187307451327e-06,2.380859375,0.4276171875
620,8.732962894557161e-06,2.380859375,0.4299951171875
621,8.712600980251706e-06,2.37890625,0.43490234375
622,8.692102368388472e-06,2.390625,0.43630859375
623,8.67146786821756e-06,2.361328125,0.4321044921875
624,8.650698294353698e-06,2.37109375,0.4297998046875
625,8.629794466744107e-06,2.373046875,0.4284033203125
626,8.608757210636101e-06,2.357421875,0.432705078125
627,8.587587356544535e-06,2.375,0.430908203125
628,8.566285740218996e-06,2.34765625,0.43400390625
629,8.544853202610825e-06,2.349609375,0.4322119140625
630,8.523290589839907e-06,2.3671875,0.4328955078125
631,8.501598753161273e-06,2.376953125,0.4354296875
632,8.479778548931492e-06,2.375,0.429296875
633,8.457830838574867e-06,2.361328125,0.4291845703125
634,8.43575648854942e-06,2.35546875,0.430205078125
635,8.413556370312696e-06,2.36328125,0.433505859375
636,8.391231360287346e-06,2.376953125,0.43138671875
637,8.368782339826543e-06,2.365234375,0.43240234375
638,8.346210195179175e-06,2.35546875,0.4343798828125
639,8.323515817454862e-06,2.36328125,0.43580078125
640,8.300700102588777e-06,2.359375,0.43740234375
641,8.277763951306277e-06,2.35546875,0.4358935546875
642,8.254708269087342e-06,2.34765625,0.433505859375
643,8.231533966130827e-06,2.3515625,0.4307763671875
644,8.208241957318535e-06,2.37109375,0.431904296875
645,8.18483316217909e-06,2.34375,0.43650390625
646,8.16130850485164e-06,2.37890625,0.4347119140625
647,8.137668914049377e-06,2.34765625,0.4294091796875
648,8.113915323022868e-06,2.373046875,0.436103515625
649,8.090048669523216e-06,2.345703125,0.4332080078125
650,8.066069895765032e-06,2.36328125,0.43259765625
651,8.041979948389248e-06,2.34765625,0.4297802734375
652,8.017779778425737e-06,2.365234375,0.4284033203125
653,7.993470341255771e-06,2.369140625,0.430498046875
654,7.969052596574307e-06,2.3671875,0.4351025390625
655,7.944527508352094e-06,2.345703125,0.4343115234375
656,7.91989604479762e-06,2.375,0.43109375
657,7.895159178318894e-06,2.35546875,0.43330078125
658,7.870317885485044e-06,2.353515625,0.4299853515625
659,7.84537314698778e-06,2.34375,0.4355078125
660,7.82032594760266e-06,2.3671875,0.429892578125
661,7.795177276150234e-06,2.353515625,0.43400390625
662,7.769928125456987e-06,2.3671875,0.4344091796875
663,7.744579492316155e-06,2.35546875,0.4291064453125
664,7.719132377448369e-06,2.361328125,0.428291015625
665,7.693587785462156e-06,2.349609375,0.4337158203125
666,7.667946724814264e-06,2.345703125,0.4352978515625
667,7.642210207769864e-06,2.34765625,0.4331103515625
668,7.616379250362582e-06,2.353515625,0.43369140625
669,7.590454872354385e-06,2.341796875,0.4287109375
670,7.56443809719533e-06,2.345703125,0.4273876953125
671,7.538329951983148e-06,2.3671875,0.43201171875
672,7.512131467422711e-06,2.345703125,0.4314111328125
673,7.485843677785331e-06,2.357421875,0.4303857421875
674,7.459467620867928e-06,2.36328125,0.4312060546875
675,7.433004337952069e-06,2.35546875,0.4322998046875
676,7.4064548737628474e-06,2.357421875,0.4316064453125
677,7.379820276427655e-06,2.341796875,0.43390625
678,7.353101597434784e-06,2.359375,0.4299755859375
679,7.326299891591932e-06,2.357421875,0.4352978515625
680,7.299416216984557e-06,2.357421875,0.4362939453125
681,7.272451634934096e-06,2.3515625,0.435107421875
682,7.245407209956081e-06,2.353515625,0.4329052734375
683,7.218284009718101e-06,2.3515625,0.436689453125
684,7.191083104997659e-06,2.357421875,0.4347021484375
685,7.163805569639899e-06,2.337890625,0.4341015625
686,7.136452480515208e-06,2.341796875,0.435908203125
687,7.109024917476712e-06,2.36328125,0.43490234375
688,7.081523963317635e-06,2.345703125,0.435400390625
689,7.053950703728556e-06,2.34765625,0.432294921875
690,7.026306227254552e-06,2.3203125,0.4319970703125
691,6.998591625252222e-06,2.353515625,0.4353857421875
692,6.970807991846593e-06,2.3515625,0.4322998046875
693,6.9429564238879415e-06,2.359375,0.4327001953125
694,6.915038020908481e-06,2.353515625,0.4318115234375
695,6.887053885078956e-06,2.359375,0.434091796875
696,6.859005121165136e-06,2.33984375,0.4323046875
697,6.830892836484188e-06,2.328125,0.432109375
698,6.802718140860977e-06,2.341796875,0.4340966796875
699,6.7744821465842456e-06,2.34375,0.436796875
700,6.7461859683626985e-06,2.34765625,0.435810546875
701,6.717830723281001e-06,2.328125,0.4354052734375
702,6.689417530755678e-06,2.353515625,0.437490234375
703,6.660947512490916e-06,2.337890625,0.4339013671875
704,6.632421792434291e-06,2.34765625,0.4345166015625
705,6.603841496732387e-06,2.33203125,0.4349853515625
706,6.5752077536863404e-06,2.345703125,0.4325048828125
707,6.546521693707296e-06,2.333984375,0.4341943359375
708,6.517784449271785e-06,2.33203125,0.431103515625
709,6.488997154877012e-06,2.34765625,0.4337109375
710,6.460160946996066e-06,2.328125,0.4322998046875
711,6.431276964033062e-06,2.35546875,0.4352978515625
712,6.402346346278186e-06,2.341796875,0.436201171875
713,6.373370235862693e-06,2.34765625,0.4343994140625
714,6.344349776713806e-06,2.3359375,0.4360107421875
715,6.315286114509561e-06,2.33984375,0.4302978515625
716,6.286180396633579e-06,2.341796875,0.4313037109375
717,6.257033772129761e-06,2.33984375,0.4375
718,6.227847391656937e-06,2.3359375,0.435302734375
719,6.1986224074434335e-06,2.328125,0.430908203125
720,6.169359973241588e-06,2.34765625,0.4341943359375
721,6.140061244282194e-06,2.345703125,0.4331982421875
722,6.110727377228903e-06,2.345703125,0.4288037109375
723,6.081359530132563e-06,2.33984375,0.4312939453125
724,6.051958862385486e-06,2.345703125,0.4340966796875
725,6.022526534675698e-06,2.36328125,0.4350927734375
726,5.993063708941098e-06,2.33203125,0.43478515625
727,5.963571548323597e-06,2.33203125,0.435302734375
728,5.934051217123198e-06,2.33984375,0.4356005859375
729,5.904503880752031e-06,2.337890625,0.4336962890625
730,5.874930705688343e-06,2.328125,0.4343994140625
731,5.845332859430446e-06,2.318359375,0.43580078125
732,5.815711510450632e-06,2.349609375,0.433505859375
733,5.786067828149038e-06,2.330078125,0.4347900390625
734,5.7564029828074855e-06,2.34765625,0.429814453125
735,5.726718145543271e-06,2.349609375,0.42931640625
736,5.697014488262944e-06,2.328125,0.43349609375
737,5.667293183616031e-06,2.333984375,0.4338232421875
738,5.637555404948749e-06,2.3203125,0.4346923828125
739,5.607802326257681e-06,2.3515625,0.4349853515625
740,5.57803512214343e-06,2.326171875,0.4365087890625
741,5.548254967764239e-06,2.330078125,0.4361962890625
742,5.518463038789618e-06,2.3359375,0.4315771484375
743,5.4886605113539065e-06,2.34375,0.4316015625
744,5.4588485620098585e-06,2.333984375,0.434306640625
745,5.42902836768219e-06,2.326171875,0.4293994140625
746,5.39920110562111e-06,2.326171875,0.4324951171875
747,5.369367953355854e-06,2.3359375,0.4341064453125
748,5.33953008864819e-06,2.32421875,0.4319970703125
749,5.309688689445926e-06,2.333984375,0.4318017578125
750,5.279844933836406e-06,2.31640625,0.4320947265625
751,5.2500000000000006e-06,2.33203125,0.4310009765625
752,5.220155066163596e-06,2.33984375,0.433916015625
753,5.190311310554075e-06,2.330078125,0.433798828125
754,5.160469911351812e-06,2.337890625,0.4342041015625
755,5.1306320466441474e-06,2.32421875,0.433115234375
756,5.100798894378891e-06,2.341796875,0.4317919921875
757,5.070971632317811e-06,2.322265625,0.4316015625
758,5.0411514379901434e-06,2.30859375,0.427998046875
759,5.0113394886460954e-06,2.333984375,0.4337939453125
760,4.9815369612103846e-06,2.32421875,0.4355224609375
761,4.951745032235762e-06,2.330078125,0.4356201171875
762,4.921964877856573e-06,2.328125,0.43080078125
763,4.892197673742321e-06,2.3046875,0.4319091796875
764,4.862444595051253e-06,2.337890625,0.4343896484375
765,4.832706816383971e-06,2.314453125,0.4327001953125
766,4.802985511737058e-06,2.326171875,0.43228515625
767,4.773281854456729e-06,2.314453125,0.4330908203125
768,4.743597017192516e-06,2.328125,0.43470703125
769,4.713932171850962e-06,2.3359375,0.4346044921875
770,4.684288489549369e-06,2.3203125,0.4341064453125
771,4.654667140569555e-06,2.330078125,0.434404296875
772,4.625069294311659e-06,2.318359375,0.4375146484375
773,4.59549611924797e-06,2.328125,0.43541015625
774,4.565948782876803e-06,2.333984375,0.4349951171875
775,4.536428451676404e-06,2.322265625,0.4367041015625
776,4.506936291058903e-06,2.328125,0.437607421875
777,4.477473465324303e-06,2.318359375,0.4363916015625
778,4.448041137614515e-06,2.31640625,0.4359033203125
779,4.4186404698674385e-06,2.326171875,0.43361328125
780,4.389272622771098e-06,2.318359375,0.43349609375
781,4.3599387557178075e-06,2.328125,0.43279296875
782,4.3306400267584145e-06,2.314453125,0.4333984375
783,4.301377592556568e-06,2.3125,0.4316015625
784,4.272152608343066e-06,2.302734375,0.4319873046875
785,4.242966227870242e-06,2.322265625,0.429599609375
786,4.213819603366424e-06,2.3203125,0.4310009765625
787,4.184713885490441e-06,2.3125,0.4312890625
788,4.155650223286197e-06,2.3359375,0.433603515625
789,4.1266297641373095e-06,2.328125,0.4334033203125
790,4.097653653721816e-06,2.31640625,0.4352001953125
791,4.068723035966941e-06,2.30078125,0.4358935546875
792,4.039839053003936e-06,2.322265625,0.431513671875
793,4.011002845122991e-06,2.31640625,0.4335986328125
794,3.9822155507282176e-06,2.318359375,0.4346923828125
795,3.953478306292706e-06,2.328125,0.434599609375
796,3.9247922463136615e-06,2.314453125,0.4340966796875
797,3.896158503267614e-06,2.31640625,0.4365771484375
798,3.86757820756571e-06,2.32421875,0.4337109375
799,3.839052487509085e-06,2.330078125,0.433994140625
800,3.8105824692443244e-06,2.3125,0.4345068359375
801,3.782169276719e-06,2.314453125,0.4331787109375
802,3.7538140316373035e-06,2.32421875,0.4299072265625
803,3.7255178534157556e-06,2.333984375,0.4317138671875
804,3.697281859139024e-06,2.310546875,0.4323046875
805,3.669107163515814e-06,2.314453125,0.432890625
806,3.640994878834866e-06,2.314453125,0.4341943359375
807,3.6129461149210445e-06,2.3203125,0.4337890625
808,3.5849619790915204e-06,2.328125,0.4320947265625
809,3.5570435761120596e-06,2.29296875,0.43208984375
810,3.529192008153408e-06,2.302734375,0.43349609375
811,3.50140837474778e-06,2.33203125,0.4348974609375
812,3.473693772745449e-06,2.3125,0.4340966796875
813,3.4460492962714455e-06,2.298828125,0.4342919921875
814,3.4184760366823666e-06,2.31640625,0.43359375
815,3.3909750825232883e-06,2.322265625,0.4330029296875
816,3.3635475194847927e-06,2.31640625,0.4327880859375
817,3.3361944303601028e-06,2.3046875,0.433603515625
818,3.3089168950023427e-06,2.306640625,0.4375
819,3.2817159902819007e-06,2.310546875,0.436826171875
820,3.2545927900439204e-06,2.328125,0.43451171875
821,3.2275483650659047e-06,2.330078125,0.4347998046875
822,3.2005837830154444e-06,2.31640625,0.4338134765625
823,3.1737001084080697e-06,2.306640625,0.4326025390625
824,3.1468984025652185e-06,2.314453125,0.4316064453125
825,3.120179723572348e-06,2.322265625,0.4334912109375
826,3.093545126237153e-06,2.32421875,0.4326025390625
827,3.066995662047933e-06,2.30078125,0.432978515625
828,3.040532379132073e-06,2.314453125,0.4348974609375
829,3.0141563222146704e-06,2.2890625,0.434287109375
830,2.9878685325772885e-06,2.318359375,0.433408203125
831,2.961670048016852e-06,2.302734375,0.4344921875
832,2.9355619028046703e-06,2.326171875,0.4345166015625
833,2.9095451276456155e-06,2.310546875,0.432802734375
834,2.883620749637419e-06,2.326171875,0.4330078125
835,2.857789792230136e-06,2.306640625,0.4337890625
836,2.832053275185736e-06,2.322265625,0.43419921875
837,2.806412214537844e-06,2.318359375,0.4330224609375
838,2.7808676225516298e-06,2.314453125,0.43330078125
839,2.7554205076838447e-06,2.3125,0.432392578125
840,2.7300718745430122e-06,2.294921875,0.434306640625
841,2.704822723849765e-06,2.314453125,0.4346923828125
842,2.67967405239734e-06,2.306640625,0.4360009765625
843,2.654626853012222e-06,2.31640625,0.4334814453125
844,2.6296821145149568e-06,2.31640625,0.4347021484375
845,2.6048408216811087e-06,2.31640625,0.436201171875
846,2.580103955202381e-06,2.318359375,0.435595703125
847,2.5554724916479076e-06,2.318359375,0.43201171875
848,2.5309474034256945e-06,2.30078125,0.435107421875
849,2.5065296587442297e-06,2.318359375,0.43529296875
850,2.4822202215742643e-06,2.310546875,0.4346142578125
851,2.458020051610753e-06,2.318359375,0.4336962890625
852,2.4339301042349687e-06,2.283203125,0.4327001953125
853,2.4099513304767873e-06,2.337890625,0.4322998046875
854,2.386084676977134e-06,2.296875,0.4327099609375
855,2.3623310859506257e-06,2.306640625,0.4344091796875
856,2.338691495148363e-06,2.298828125,0.435205078125
857,2.3151668378209127e-06,2.3125,0.433603515625
858,2.2917580426814667e-06,2.306640625,0.43388671875
859,2.2684660338691734e-06,2.310546875,0.4356884765625
860,2.245291730912659e-06,2.2890625,0.43546875
861,2.2222360486937238e-06,2.314453125,0.4357861328125
862,2.199299897411224e-06,2.291015625,0.435009765625
863,2.176484182545141e-06,2.3125,0.437900390625
864,2.153789804820827e-06,2.314453125,0.436591796875
865,2.1312176601734577e-06,2.318359375,0.4351025390625
866,2.1087686397126544e-06,2.30078125,0.4330029296875
867,2.0864436296873052e-06,2.29296875,0.4343017578125
868,2.06424351145058e-06,2.31640625,0.43541015625
869,2.042169161425134e-06,2.298828125,0.4327978515625
870,2.0202214510685086e-06,2.275390625,0.4333935546875
871,1.9984012468387285e-06,2.30078125,0.433388671875
872,1.9767094101600957e-06,2.298828125,0.433994140625
873,1.9551467973891773e-06,2.306640625,0.43419921875
874,1.933714259781006e-06,2.31640625,0.43650390625
875,1.912412643455467e-06,2.3046875,0.43609375
876,1.8912427893638996e-06,2.30859375,0.4351953125
877,1.8702055332558945e-06,2.302734375,0.4347119140625
878,1.8493017056463018e-06,2.326171875,0.4343017578125
879,1.8285321317824422e-06,2.3046875,0.435107421875
880,1.8078976316115282e-06,2.310546875,0.4350927734375
881,1.7873990197482964e-06,2.326171875,0.4322900390625
882,1.7670371054428407e-06,2.30078125,0.432705078125
883,1.7468126925486743e-06,2.29296875,0.4319970703125
884,1.7267265794909893e-06,2.310546875,0.4307958984375
885,1.706779559235135e-06,2.310546875,0.4315087890625
886,1.686972419255317e-06,2.310546875,0.4319970703125
887,1.6673059415035068e-06,2.29296875,0.4337939453125
888,1.6477809023785713e-06,2.291015625,0.4334033203125
889,1.6283980726956221e-06,2.318359375,0.4325
890,1.6091582176555888e-06,2.30859375,0.433203125
891,1.5900620968150015e-06,2.298828125,0.43279296875
892,1.571110464056015e-06,2.298828125,0.4329052734375
893,1.5523040675566391e-06,2.296875,0.4326904296875
894,1.5336436497612063e-06,2.30859375,0.433583984375
895,1.51512994735106e-06,2.314453125,0.4345068359375
896,1.4967636912154707e-06,2.31640625,0.4330908203125
897,1.478545606422782e-06,2.3046875,0.4325048828125
898,1.4604764121917871e-06,2.310546875,0.4346923828125
899,1.4425568218633355e-06,2.291015625,0.4352001953125
900,1.424787542872171e-06,2.2734375,0.4354150390625
901,1.4071692767190003e-06,2.302734375,0.433798828125
902,1.389702718942804e-06,2.3046875,0.433505859375
903,1.3723885590933764e-06,2.3203125,0.432880859375
904,1.3552274807041011e-06,2.298828125,0.4312939453125
905,1.3382201612649696e-06,2.314453125,0.43298828125
906,1.3213672721958307e-06,2.328125,0.4345947265625
907,1.3046694788198894e-06,2.30078125,0.4341015625
908,1.2881274403374372e-06,2.30859375,0.4339013671875
909,1.2717418097998271e-06,2.3125,0.43421875
910,1.255513234083697e-06,2.31640625,0.4348046875
911,1.2394423538654294e-06,2.2890625,0.432890625
912,1.2235298035958557e-06,2.306640625,0.432998046875
913,1.2077762114752142e-06,2.3125,0.4339013671875
914,1.1921821994283485e-06,2.2890625,0.4331005859375
915,1.1767483830801526e-06,2.302734375,0.433798828125
916,1.1614753717312683e-06,2.306640625,0.4341064453125
917,1.1463637683340325e-06,2.3203125,0.4338916015625
918,1.1314141694686724e-06,2.306640625,0.434208984375
919,1.116627165319753e-06,2.3046875,0.43419921875
920,1.1020033396528804e-06,2.314453125,0.43291015625
921,1.0875432697916492e-06,2.298828125,0.4332080078125
922,1.0732475265948585e-06,2.3046875,0.434599609375
923,1.0591166744339725e-06,2.296875,0.433291015625
924,1.0451512711708382e-06,2.3203125,0.4348095703125
925,1.0313518681356636e-06,2.294921875,0.4342041015625
926,1.0177190101052529e-06,2.294921875,0.4343115234375
927,1.0042532352814972e-06,2.296875,0.4341015625
928,9.909550752701295e-07,2.294921875,0.434580078125
929,9.778250550597373e-07,2.306640625,0.434794921875
930,9.64863693001037e-07,2.302734375,0.4343994140625
931,9.520715007864081e-07,2.298828125,0.43400390625
932,9.394489834296948e-07,2.283203125,0.434609375
933,9.269966392462706e-07,2.294921875,0.4341015625
934,9.147149598333619e-07,2.30078125,0.4340087890625
935,9.026044300506418e-07,2.3046875,0.4344970703125
936,8.906655280010896e-07,2.29296875,0.434990234375
937,8.788987250121156e-07,2.314453125,0.4340087890625
938,8.673044856169542e-07,2.294921875,0.4328955078125
939,8.558832675363249e-07,2.296875,0.4336962890625
940,8.44635521660359e-07,2.314453125,0.43521484375
941,8.335616920308061e-07,2.314453125,0.4346044921875
942,8.22662215823498e-07,2.302734375,0.435185546875
943,8.11937523331093e-07,2.314453125,0.434189453125
944,8.013880379460867e-07,2.29296875,0.4339013671875
945,7.910141761440982e-07,2.302734375,0.43419921875
946,7.808163474674291e-07,2.318359375,0.434111328125
947,7.707949545088935e-07,2.314453125,0.4335986328125
948,7.609503928959276e-07,2.2890625,0.43390625
949,7.512830512749648e-07,2.3125,0.4336083984375
950,7.417933112961011e-07,2.3046875,0.4349951171875
951,7.324815475980208e-07,2.3125,0.4343017578125
952,7.233481277932109e-07,2.314453125,0.4345849609375
953,7.14393412453446e-07,2.2890625,0.43388671875
954,7.056177550955548e-07,2.298828125,0.432802734375
955,6.970215021674643e-07,2.2734375,0.433291015625
956,6.886049930345205e-07,2.30078125,0.4316845703125
957,6.803685599660919e-07,2.291015625,0.4329931640625
958,6.723125281224539e-07,2.296875,0.43259765625
959,6.644372155419491e-07,2.294921875,0.43359375
960,6.567429331284337e-07,2.3046875,0.4330078125
961,6.492299846390024e-07,2.296875,0.4337109375
962,6.418986666719975e-07,2.298828125,0.4336962890625
963,6.347492686552986e-07,2.302734375,0.433603515625
964,6.277820728348985e-07,2.3046875,0.433984375
965,6.209973542637581e-07,2.294921875,0.4335009765625
966,6.143953807909497e-07,2.31640625,0.4328955078125
967,6.07976413051081e-07,2.2890625,0.43279296875
968,6.017407044540077e-07,2.296875,0.4339111328125
969,5.956885011748274e-07,2.28515625,0.4332177734375
970,5.898200421441636e-07,2.30078125,0.4333056640625
971,5.841355590387291e-07,2.298828125,0.4333056640625
972,5.786352762721843e-07,2.294921875,0.43369140625
973,5.733194109862747e-07,2.287109375,0.43349609375
974,5.681881730422592e-07,2.3046875,0.4348095703125
975,5.632417650126268e-07,2.3125,0.4333056640625
976,5.584803821730961e-07,2.296875,0.432998046875
977,5.539042124949087e-07,2.30859375,0.4333984375
978,5.495134366374081e-07,2.291015625,0.4335888671875
979,5.453082279409068e-07,2.30859375,0.4343896484375
980,5.412887524198442e-07,2.296875,0.4336962890625
981,5.374551687562306e-07,2.283203125,0.4333935546875
982,5.338076282933854e-07,2.298828125,0.433779296875
983,5.303462750299601e-07,2.302734375,0.4340771484375
984,5.27071245614255e-07,2.306640625,0.43458984375
985,5.239826693388242e-07,2.296875,0.434287109375
986,5.2108066813537e-07,2.2890625,0.4335888671875
987,5.183653565699306e-07,2.302734375,0.4336962890625
988,5.158368418383581e-07,2.296875,0.4333935546875
989,5.134952237620838e-07,2.298828125,0.4341943359375
990,5.113405947841802e-07,2.302734375,0.4343896484375
991,5.093730399657101e-07,2.294921875,0.4345947265625
992,5.075926369823686e-07,2.294921875,0.4348095703125
993,5.05999456121417e-07,2.310546875,0.4348095703125
994,5.045935602789077e-07,2.302734375,0.434599609375
995,5.033750049572012e-07,2.296875,0.4349072265625
996,5.023438382627749e-07,2.296875,0.4334912109375
997,5.015001009043252e-07,2.291015625,0.4342041015625
998,5.008438261911574e-07,2.30859375,0.4349072265625
999,5.003750400318734e-07,2.306640625,0.4347119140625
1000,5.000937609333487e-07,2.302734375,0.4339111328125
1,0.001,8.53125,0.010000686645507812
2,0.001,8.3203125,0.010000686645507812
3,0.001,8.140625,0.010000839233398437
4,0.001,7.984375,0.010000839233398437
5,0.001,7.84375,0.010000839233398437
6,0.001,7.65625,0.010000762939453125
7,0.001,7.42578125,0.010000762939453125
8,0.001,7.265625,0.010000762939453125
9,0.001,7.1328125,0.010000762939453125
10,0.001,6.95703125,0.010000762939453125
11,0.001,6.859375,0.010000762939453125
12,0.001,6.69921875,0.01000091552734375
13,0.001,6.61328125,0.01000091552734375
14,0.001,6.5078125,0.010000762939453125
15,0.001,6.42578125,0.010000762939453125
16,0.001,6.33203125,0.0100006103515625
17,0.001,6.23046875,0.0100006103515625
18,0.001,6.1484375,0.0100006103515625
19,0.001,6.08984375,0.0100006103515625
20,0.001,6.0078125,0.0100006103515625
21,0.001,5.94921875,0.014900741577148437
22,0.001,5.8671875,0.014301528930664062
23,0.001,5.76171875,0.01580101013183594
24,0.001,5.6953125,0.0652044677734375
25,0.001,5.63671875,0.11199951171875
26,0.001,5.546875,0.18400146484375
27,0.001,5.4609375,0.21908935546875
28,0.001,5.42578125,0.22956787109375
29,0.001,5.34375,0.22977294921875
30,0.001,5.22265625,0.25236328125
31,0.001,5.1796875,0.2158740234375
32,0.001,5.1015625,0.2112841796875
33,0.001,5.078125,0.22747314453125
34,0.001,4.96875,0.2127685546875
35,0.001,4.921875,0.22718017578125
36,0.001,4.875,0.2262646484375
37,0.001,4.8359375,0.21697265625
38,0.001,4.75390625,0.2569775390625
39,0.001,4.69140625,0.25167724609375
40,0.001,4.66015625,0.25978271484375
41,0.001,4.61328125,0.24186767578125
42,0.001,4.6015625,0.2132763671875
43,0.001,4.53125,0.26208740234375
44,0.001,4.4921875,0.24156982421875
45,0.001,4.453125,0.271064453125
46,0.001,4.41796875,0.28297119140625
47,0.001,4.359375,0.28858154296875
48,0.001,4.35546875,0.2659716796875
49,0.001,4.296875,0.26748046875
50,0.001,4.2890625,0.29288330078125
51,0.001,4.24609375,0.299384765625
52,0.001,4.234375,0.30129638671875
53,0.001,4.1875,0.292080078125
54,0.001,4.15234375,0.2988818359375
55,0.001,4.1328125,0.3349072265625
56,0.001,4.09765625,0.308203125
57,0.001,4.08203125,0.3187060546875
58,0.001,4.05078125,0.31119384765625
59,0.001,3.994140625,0.32769775390625
60,0.001,3.98828125,0.32841796875
61,0.001,3.978515625,0.3391943359375
62,0.001,3.974609375,0.355595703125
63,0.001,3.923828125,0.30259765625
64,0.001,3.91015625,0.301279296875
65,0.001,3.87109375,0.3401123046875
66,0.001,3.861328125,0.3668994140625
67,0.001,3.830078125,0.373603515625
68,0.001,3.8359375,0.36310546875
69,0.001,3.79296875,0.348896484375
70,0.001,3.787109375,0.34140625
71,0.001,3.732421875,0.3460986328125
72,0.001,3.72265625,0.3625048828125
73,0.001,3.708984375,0.340390625
74,0.001,3.6953125,0.329091796875
75,0.001,3.701171875,0.349208984375
76,0.001,3.66015625,0.3266064453125
77,0.001,3.65234375,0.3657080078125
78,0.001,3.611328125,0.3889013671875
79,0.001,3.60546875,0.3650048828125
80,0.001,3.587890625,0.3839990234375
81,0.001,3.5625,0.4011865234375
82,0.001,3.552734375,0.391884765625
83,0.001,3.52734375,0.3930029296875
84,0.001,3.498046875,0.37240234375
85,0.001,3.51171875,0.37939453125
86,0.001,3.478515625,0.3806005859375
87,0.001,3.45703125,0.3973046875
88,0.001,3.453125,0.4035888671875
89,0.001,3.455078125,0.416884765625
90,0.001,3.416015625,0.398779296875
91,0.001,3.416015625,0.4136865234375
92,0.001,3.390625,0.3857861328125
93,0.001,3.396484375,0.3881884765625
94,0.001,3.37109375,0.4307958984375
95,0.001,3.365234375,0.4149853515625
96,0.001,3.3359375,0.3825
97,0.001,3.30859375,0.4035009765625
98,0.001,3.318359375,0.4105029296875
99,0.001,3.302734375,0.3734130859375
100,0.001,3.28515625,0.3820263671875
101,0.001,3.279296875,0.3971923828125
102,0.001,3.2578125,0.4048095703125
103,0.001,3.228515625,0.4261962890625
104,0.001,3.228515625,0.3973046875
105,0.001,3.220703125,0.421513671875
106,0.001,3.19921875,0.4232861328125
107,0.001,3.197265625,0.4154931640625
108,0.001,3.1796875,0.395791015625
109,0.001,3.20703125,0.401474609375
110,0.001,3.158203125,0.3730908203125
111,0.001,3.1328125,0.4112890625
112,0.001,3.1484375,0.3946044921875
113,0.001,3.142578125,0.3889013671875
114,0.001,3.107421875,0.3993896484375
115,0.001,3.095703125,0.39578125
116,0.001,3.107421875,0.4180908203125
117,0.001,3.0703125,0.383896484375
118,0.001,3.056640625,0.4046923828125
119,0.001,3.033203125,0.4220751953125
120,0.001,3.04296875,0.4021875
121,0.001,3.041015625,0.397294921875
122,0.001,3.037109375,0.4278857421875
123,0.001,3.00390625,0.433515625
124,0.001,3.02734375,0.4200927734375
125,0.001,3.0,0.4012890625
126,0.001,2.998046875,0.430224609375
127,0.001,2.96875,0.3772119140625
128,0.001,2.98828125,0.4197998046875
129,0.001,2.95703125,0.4204833984375
130,0.001,2.955078125,0.44861328125
131,0.001,2.9375,0.4425
132,0.001,2.94140625,0.4027099609375
133,0.001,2.92578125,0.407392578125
134,0.001,2.900390625,0.4236181640625
135,0.001,2.916015625,0.4241943359375
136,0.001,2.8984375,0.418994140625
137,0.001,2.908203125,0.4054052734375
138,0.001,2.87890625,0.4460302734375
139,0.001,2.861328125,0.4457958984375
140,0.001,2.869140625,0.4255908203125
141,0.001,2.857421875,0.4088134765625
142,0.001,2.83203125,0.4044970703125
143,0.001,2.806640625,0.4115869140625
144,0.001,2.806640625,0.412001953125
145,0.001,2.814453125,0.4472021484375
146,0.001,2.81640625,0.436796875
147,0.001,2.80859375,0.43228515625
148,0.001,2.798828125,0.44310546875
149,0.001,2.787109375,0.4110791015625
150,0.001,2.77734375,0.4387060546875
151,0.001,2.765625,0.43060546875
152,0.001,2.779296875,0.4462890625
153,0.001,2.771484375,0.4437060546875
154,0.001,2.751953125,0.424580078125
155,0.001,2.7265625,0.4391943359375
156,0.001,2.748046875,0.424208984375
157,0.001,2.75390625,0.439814453125
158,0.001,2.71875,0.4365087890625
159,0.001,2.71484375,0.450205078125
160,0.001,2.697265625,0.4251806640625
161,0.001,2.71875,0.444013671875
162,0.001,2.70703125,0.3985791015625
163,0.001,2.69140625,0.4454931640625
164,0.001,2.65625,0.44109375
165,0.001,2.66796875,0.4323828125
166,0.001,2.677734375,0.4485107421875
167,0.001,2.658203125,0.435693359375
168,0.001,2.6484375,0.420791015625
169,0.001,2.66796875,0.4564990234375
170,0.001,2.623046875,0.4299072265625
171,0.001,2.630859375,0.4601953125
172,0.001,2.62890625,0.43318359375
173,0.001,2.62109375,0.43408203125
174,0.001,2.619140625,0.46759765625
175,0.001,2.609375,0.4312109375
176,0.001,2.599609375,0.457119140625
177,0.001,2.59375,0.451396484375
178,0.001,2.59765625,0.45951171875
179,0.001,2.58203125,0.432392578125
180,0.001,2.595703125,0.4569970703125
181,0.001,2.572265625,0.4659228515625
182,0.001,2.564453125,0.443916015625
183,0.001,2.56640625,0.459189453125
184,0.001,2.5546875,0.4598291015625
185,0.001,2.55078125,0.43029296875
186,0.001,2.552734375,0.440703125
187,0.001,2.529296875,0.4683984375
188,0.001,2.552734375,0.4271923828125
189,0.001,2.541015625,0.470107421875
190,0.001,2.515625,0.45349609375
191,0.001,2.529296875,0.438583984375
192,0.001,2.5234375,0.4317138671875
193,0.001,2.517578125,0.4276953125
194,0.001,2.5234375,0.417890625
195,0.001,2.48828125,0.450810546875
196,0.001,2.486328125,0.425595703125
197,0.001,2.49609375,0.4479150390625
198,0.001,2.4921875,0.44119140625
199,0.001,2.478515625,0.446005859375
200,0.001,2.498046875,0.4352099609375
201,0.001,2.48046875,0.4482958984375
202,0.001,2.45703125,0.4417138671875
203,0.001,2.4609375,0.475126953125
204,0.001,2.4609375,0.4300048828125
205,0.001,2.4453125,0.4708154296875
206,0.001,2.4453125,0.4569091796875
207,0.001,2.435546875,0.463720703125
208,0.001,2.44140625,0.466982421875
209,0.001,2.447265625,0.454599609375
210,0.001,2.423828125,0.4391015625
211,0.001,2.443359375,0.46201171875
212,0.001,2.431640625,0.462607421875
213,0.001,2.408203125,0.4572802734375
214,0.001,2.400390625,0.448408203125
215,0.001,2.41015625,0.472900390625
216,0.001,2.392578125,0.4453857421875
217,0.001,2.39453125,0.453310546875
218,0.001,2.384765625,0.452890625
219,0.001,2.3984375,0.4430029296875
220,0.001,2.37109375,0.458896484375
221,0.001,2.353515625,0.429697265625
222,0.001,2.390625,0.456884765625
223,0.001,2.380859375,0.4613232421875
224,0.001,2.365234375,0.4568994140625
225,0.001,2.369140625,0.4487158203125
226,0.001,2.34765625,0.4755078125
227,0.001,2.34765625,0.4685888671875
228,0.001,2.349609375,0.426298828125
229,0.001,2.35546875,0.4515234375
230,0.001,2.333984375,0.458505859375
231,0.001,2.33203125,0.454814453125
232,0.001,2.345703125,0.4491943359375
233,0.001,2.349609375,0.437109375
234,0.001,2.337890625,0.46669921875
235,0.001,2.3125,0.45912109375
236,0.001,2.330078125,0.4685009765625
237,0.001,2.322265625,0.4520166015625
238,0.001,2.294921875,0.4458154296875
239,0.001,2.306640625,0.440087890625
240,0.001,2.302734375,0.4491162109375
241,0.001,2.298828125,0.4674951171875
242,0.001,2.283203125,0.4702001953125
243,0.001,2.296875,0.4348876953125
244,0.001,2.283203125,0.4569140625
245,0.001,2.2890625,0.4687109375
246,0.001,2.267578125,0.4671142578125
247,0.001,2.26171875,0.468583984375
248,0.001,2.263671875,0.4641064453125
249,0.001,2.28125,0.4556982421875
250,0.001,2.248046875,0.4432861328125
251,0.001,2.2734375,0.4585107421875
252,0.001,2.26171875,0.4747998046875
253,0.001,2.24609375,0.424990234375
254,0.001,2.251953125,0.4845751953125
255,0.001,2.23828125,0.49228515625
256,0.001,2.244140625,0.4652978515625
257,0.001,2.251953125,0.4222021484375
258,0.001,2.23046875,0.48001953125
259,0.001,2.23828125,0.4786083984375
260,0.001,2.23046875,0.4370947265625
261,0.001,2.208984375,0.44609375
262,0.001,2.23046875,0.47001953125
263,0.001,2.224609375,0.4617138671875
264,0.001,2.212890625,0.47548828125
265,0.001,2.212890625,0.485302734375
266,0.001,2.21875,0.4692919921875
267,0.001,2.197265625,0.4493212890625
268,0.001,2.21484375,0.457314453125
269,0.001,2.2109375,0.4827978515625
270,0.001,2.193359375,0.4557958984375
271,0.001,2.193359375,0.4355078125
272,0.001,2.189453125,0.4567138671875
273,0.001,2.19140625,0.4527197265625
274,0.001,2.181640625,0.480380859375
275,0.001,2.1875,0.492490234375
276,0.001,2.1953125,0.4807958984375
277,0.001,2.171875,0.4738037109375
278,0.001,2.173828125,0.4768994140625
279,0.001,2.1484375,0.4746044921875
280,0.001,2.158203125,0.452314453125
281,0.001,2.169921875,0.47181640625
282,0.001,2.169921875,0.44990234375
283,0.001,2.166015625,0.4708056640625
284,0.001,2.15625,0.4689013671875
285,0.001,2.15625,0.4686376953125
286,0.001,2.13671875,0.4737255859375
287,0.001,2.126953125,0.4502099609375
288,0.001,2.138671875,0.4549169921875
289,0.001,2.12109375,0.4577001953125
290,0.001,2.142578125,0.4793017578125
291,0.001,2.1484375,0.4803173828125
292,0.001,2.130859375,0.483193359375
293,0.001,2.1328125,0.46033203125
294,0.001,2.140625,0.45970703125
295,0.001,2.109375,0.4768994140625
296,0.001,2.119140625,0.446396484375
297,0.001,2.119140625,0.4852197265625
298,0.001,2.115234375,0.4799951171875
299,0.001,2.1171875,0.47021484375
300,0.001,2.126953125,0.5070947265625
301,0.001,2.109375,0.46599609375
302,0.001,2.111328125,0.4727001953125
303,0.001,2.087890625,0.4587060546875
304,0.001,2.10546875,0.4697998046875
305,0.001,2.1015625,0.4593212890625
306,0.001,2.08984375,0.4649072265625
307,0.001,2.087890625,0.4676806640625
308,0.001,2.107421875,0.481904296875
309,0.001,2.083984375,0.448193359375
310,0.001,2.068359375,0.461318359375
311,0.001,2.1015625,0.455009765625
312,0.001,2.056640625,0.4630029296875
313,0.001,2.060546875,0.46541015625
314,0.001,2.072265625,0.4672119140625
315,0.001,2.072265625,0.4748828125
316,0.001,2.072265625,0.47798828125
317,0.001,2.072265625,0.46068359375
318,0.001,2.060546875,0.465712890625
319,0.001,2.072265625,0.48837890625
320,0.001,2.05859375,0.4743359375
321,0.001,2.033203125,0.4834130859375
322,0.001,2.0546875,0.4861083984375
323,0.001,2.03515625,0.4802880859375
324,0.001,2.060546875,0.473701171875
325,0.001,2.041015625,0.4720166015625
326,0.001,2.029296875,0.4912060546875
327,0.001,2.037109375,0.48330078125
328,0.001,2.044921875,0.484638671875
329,0.001,2.03515625,0.4753369140625
330,0.001,2.044921875,0.4786083984375
331,0.001,2.037109375,0.4710986328125
332,0.001,2.025390625,0.4841162109375
333,0.001,2.02734375,0.504287109375
334,0.001,2.021484375,0.48240234375
335,0.001,2.025390625,0.46060546875
336,0.001,2.04296875,0.48140625
337,0.001,2.001953125,0.4799755859375
338,0.001,2.0234375,0.468505859375
339,0.001,2.01171875,0.48111328125
340,0.001,2.009765625,0.495419921875
341,0.001,2.0078125,0.48421875
342,0.001,2.005859375,0.4660009765625
343,0.001,1.9912109375,0.478701171875
344,0.001,2.001953125,0.4898779296875
345,0.001,2.013671875,0.4857177734375
346,0.001,1.9990234375,0.481416015625
347,0.001,1.9921875,0.461513671875
348,0.001,1.998046875,0.4671142578125
349,0.001,1.9970703125,0.4872998046875
350,0.001,2.0078125,0.4989892578125
351,0.001,2.0078125,0.4821337890625
352,0.001,1.9794921875,0.505087890625
353,0.001,1.9921875,0.4854052734375
354,0.001,1.9853515625,0.490927734375
355,0.001,1.9619140625,0.48400390625
356,0.001,1.9814453125,0.4776953125
357,0.001,1.970703125,0.4415234375
358,0.001,1.978515625,0.483994140625
359,0.001,1.9677734375,0.479794921875
360,0.001,1.9482421875,0.4810009765625
361,0.001,1.9951171875,0.4691845703125
362,0.001,1.98046875,0.4759912109375
363,0.001,1.9697265625,0.486279296875
364,0.001,1.9501953125,0.4760986328125
365,0.001,1.966796875,0.4789013671875
366,0.001,1.9521484375,0.496591796875
367,0.001,1.9521484375,0.493701171875
368,0.001,1.93359375,0.4852978515625
369,0.001,1.9345703125,0.48380859375
370,0.001,1.9521484375,0.4969873046875
371,0.001,1.939453125,0.4642041015625
372,0.001,1.939453125,0.4780078125
373,0.001,1.9521484375,0.4744189453125
374,0.001,1.927734375,0.498916015625
375,0.001,1.9365234375,0.488984375
376,0.001,1.92578125,0.488896484375
377,0.001,1.9267578125,0.4820947265625
378,0.001,1.923828125,0.484716796875
379,0.001,1.9423828125,0.4831982421875
380,0.001,1.91796875,0.47591796875
381,0.001,1.921875,0.493896484375
382,0.001,1.935546875,0.5049951171875
383,0.001,1.9130859375,0.49619140625
384,0.001,1.90625,0.4996875
385,0.001,1.9072265625,0.48650390625
386,0.001,1.9287109375,0.4921142578125
387,0.001,1.9140625,0.4660009765625
388,0.001,1.8896484375,0.49189453125
389,0.001,1.890625,0.476396484375
390,0.001,1.908203125,0.4803125
391,0.001,1.9033203125,0.486484375
392,0.001,1.90234375,0.4907080078125
393,0.001,1.912109375,0.4801171875
394,0.001,1.9052734375,0.4773876953125
395,0.001,1.9072265625,0.4941748046875
396,0.001,1.9091796875,0.4759912109375
397,0.001,1.880859375,0.49138671875
398,0.001,1.87890625,0.4760986328125
399,0.001,1.8935546875,0.4685791015625
400,0.001,1.9013671875,0.4827001953125
401,0.001,1.8916015625,0.4859619140625
402,0.001,1.892578125,0.480009765625
403,0.001,1.89453125,0.4947119140625
404,0.001,1.8798828125,0.4868017578125
405,0.001,1.8857421875,0.4820947265625
406,0.001,1.865234375,0.4769921875
407,0.001,1.869140625,0.482998046875
408,0.001,1.8681640625,0.4909033203125
409,0.001,1.8798828125,0.4903076171875
410,0.001,1.8662109375,0.4796337890625
411,0.001,1.8701171875,0.4990576171875
412,0.001,1.8720703125,0.50099609375
413,0.001,1.892578125,0.47759765625
414,0.001,1.89453125,0.4942919921875
415,0.001,1.861328125,0.5102880859375
416,0.001,1.875,0.4992822265625
417,0.001,1.873046875,0.4698046875
418,0.001,1.8720703125,0.489208984375
419,0.001,1.875,0.4747119140625
420,0.001,1.861328125,0.477783203125
421,0.001,1.8564453125,0.4927685546875
422,0.001,1.84765625,0.491884765625
423,0.001,1.8525390625,0.482607421875
424,0.001,1.841796875,0.477685546875
425,0.001,1.861328125,0.50490234375
426,0.001,1.8486328125,0.4947900390625
427,0.001,1.849609375,0.48828125
428,0.001,1.8310546875,0.49470703125
429,0.001,1.8330078125,0.5027978515625
430,0.001,1.8349609375,0.493994140625
431,0.001,1.8544921875,0.4875634765625
432,0.001,1.85546875,0.4874951171875
433,0.001,1.8369140625,0.489111328125
434,0.001,1.8349609375,0.484375
435,0.001,1.8427734375,0.4963232421875
436,0.001,1.841796875,0.483408203125
437,0.001,1.8330078125,0.46681640625
438,0.001,1.841796875,0.481396484375
439,0.001,1.837890625,0.480185546875
440,0.001,1.8134765625,0.475009765625
441,0.001,1.8232421875,0.4801025390625
442,0.001,1.830078125,0.467197265625
443,0.001,1.8388671875,0.491181640625
444,0.001,1.8359375,0.495302734375
445,0.001,1.8408203125,0.4953857421875
446,0.001,1.8203125,0.484892578125
447,0.001,1.814453125,0.487685546875
448,0.001,1.822265625,0.491708984375
449,0.001,1.8154296875,0.4740185546875
450,0.001,1.822265625,0.490107421875
451,0.001,1.8125,0.4693115234375
452,0.001,1.81640625,0.4835009765625
453,0.001,1.8203125,0.5096826171875
454,0.001,1.8046875,0.4734033203125
455,0.001,1.8125,0.467890625
456,0.001,1.79296875,0.4928173828125
457,0.001,1.8017578125,0.4941064453125
458,0.001,1.8251953125,0.497294921875
459,0.001,1.7900390625,0.5011181640625
460,0.001,1.8056640625,0.491630859375
461,0.001,1.787109375,0.48912109375
462,0.001,1.7978515625,0.491611328125
463,0.001,1.796875,0.515009765625
464,0.001,1.7939453125,0.506298828125
465,0.001,1.7880859375,0.474287109375
466,0.001,1.78515625,0.5039208984375
467,0.001,1.78125,0.480703125
468,0.001,1.791015625,0.48390625
469,0.001,1.7978515625,0.492587890625
470,0.001,1.77734375,0.487705078125
471,0.001,1.794921875,0.4842041015625
472,0.001,1.7939453125,0.4838037109375
473,0.001,1.771484375,0.4940966796875
474,0.001,1.791015625,0.470126953125
475,0.001,1.7861328125,0.4997998046875
476,0.001,1.791015625,0.4985888671875
477,0.001,1.7763671875,0.4896630859375
478,0.001,1.7841796875,0.489580078125
479,0.001,1.78125,0.4807958984375
480,0.001,1.767578125,0.48330078125
481,0.001,1.77734375,0.4887060546875
482,0.001,1.7646484375,0.4910302734375
483,0.001,1.763671875,0.505478515625
484,0.001,1.775390625,0.494990234375
485,0.001,1.783203125,0.4954833984375
486,0.001,1.7666015625,0.47548828125
487,0.001,1.763671875,0.4683935546875
488,0.001,1.7529296875,0.483486328125
489,0.001,1.771484375,0.4949755859375
490,0.001,1.767578125,0.474306640625
491,0.001,1.7724609375,0.5020751953125
492,0.001,1.765625,0.5097021484375
493,0.001,1.771484375,0.4995849609375
494,0.001,1.7685546875,0.4973095703125
495,0.001,1.751953125,0.496953125
496,0.001,1.7490234375,0.5008837890625
497,0.001,1.76171875,0.504091796875
498,0.001,1.7607421875,0.50689453125
499,0.001,1.75390625,0.5061572265625
500,0.001,1.765625,0.4622021484375
501,0.001,1.7412109375,0.484296875
502,0.001,1.7412109375,0.5003125
503,0.001,1.744140625,0.4770849609375
504,0.001,1.7568359375,0.490302734375
505,0.001,1.740234375,0.48009765625
506,0.001,1.7412109375,0.4988037109375
507,0.001,1.7529296875,0.5009912109375
508,0.001,1.7431640625,0.479921875
509,0.001,1.73046875,0.4937158203125
510,0.001,1.7314453125,0.4757080078125
511,0.001,1.740234375,0.4642919921875
512,0.001,1.74609375,0.4977880859375
513,0.001,1.7314453125,0.4946044921875
514,0.001,1.7333984375,0.5086962890625
515,0.001,1.751953125,0.48849609375
516,0.001,1.7333984375,0.498310546875
517,0.001,1.7236328125,0.49716796875
518,0.001,1.734375,0.504296875
519,0.001,1.736328125,0.478505859375
520,0.001,1.7353515625,0.4940087890625
521,0.001,1.71484375,0.4746044921875
522,0.001,1.73046875,0.483720703125
523,0.001,1.7314453125,0.48419921875
524,0.001,1.73828125,0.501083984375
525,0.001,1.7099609375,0.4794189453125
526,0.001,1.712890625,0.478115234375
527,0.001,1.7314453125,0.48798828125
528,0.001,1.720703125,0.4951025390625
529,0.001,1.7236328125,0.4872998046875
530,0.001,1.7275390625,0.4912158203125
531,0.001,1.7197265625,0.4956103515625
532,0.001,1.7158203125,0.49021484375
533,0.001,1.7099609375,0.49943359375
534,0.001,1.7041015625,0.4888134765625
535,0.001,1.70703125,0.4921826171875
536,0.001,1.703125,0.4886181640625
537,0.001,1.7236328125,0.508076171875
538,0.001,1.71484375,0.4968017578125
539,0.001,1.7099609375,0.5022900390625
540,0.001,1.703125,0.4878857421875
541,0.001,1.71875,0.477294921875
542,0.001,1.69921875,0.496865234375
543,0.001,1.71484375,0.479990234375
544,0.001,1.7001953125,0.5027978515625
545,0.001,1.6962890625,0.4858154296875
546,0.001,1.7021484375,0.4869189453125
547,0.001,1.7021484375,0.479619140625
548,0.001,1.7080078125,0.50080078125
549,0.001,1.7001953125,0.49869140625
550,0.001,1.69921875,0.4999072265625
551,0.001,1.7060546875,0.481787109375
552,0.001,1.6865234375,0.4760986328125
553,0.001,1.6982421875,0.4816015625
554,0.001,1.7177734375,0.495791015625
555,0.001,1.6982421875,0.4932080078125
556,0.001,1.6884765625,0.488486328125
557,0.001,1.6787109375,0.4822119140625
558,0.001,1.6904296875,0.493203125
559,0.001,1.6845703125,0.4866064453125
560,0.001,1.6826171875,0.49830078125
561,0.001,1.6943359375,0.4863818359375
562,0.001,1.701171875,0.50400390625
563,0.001,1.6826171875,0.48439453125
564,0.001,1.6923828125,0.4912109375
565,0.001,1.6796875,0.49521484375
566,0.001,1.673828125,0.496611328125
567,0.001,1.6611328125,0.4892724609375
568,0.001,1.6728515625,0.482587890625
569,0.001,1.669921875,0.510390625
570,0.001,1.6787109375,0.481787109375
571,0.001,1.662109375,0.5001904296875
572,0.001,1.6875,0.502900390625
573,0.001,1.6767578125,0.48390625
574,0.001,1.6728515625,0.5094873046875
575,0.001,1.669921875,0.4862841796875
576,0.001,1.673828125,0.5034033203125
577,0.001,1.6806640625,0.497001953125
578,0.001,1.673828125,0.4852978515625
579,0.001,1.681640625,0.50029296875
580,0.001,1.6767578125,0.5085888671875
581,0.001,1.6640625,0.5051953125
582,0.001,1.66796875,0.508056640625
583,0.001,1.662109375,0.4999853515625
584,0.001,1.658203125,0.48830078125
585,0.001,1.6796875,0.4923193359375
586,0.001,1.6689453125,0.48912109375
587,0.001,1.671875,0.5079638671875
588,0.001,1.658203125,0.4864013671875
589,0.001,1.65234375,0.4928369140625
590,0.001,1.6591796875,0.4984814453125
591,0.001,1.65625,0.4759033203125
592,0.001,1.6474609375,0.495009765625
593,0.001,1.6591796875,0.505888671875
594,0.001,1.66796875,0.4897021484375
595,0.001,1.6552734375,0.495830078125
596,0.001,1.6611328125,0.486474609375
597,0.001,1.6494140625,0.488310546875
598,0.001,1.6416015625,0.4980029296875
599,0.001,1.666015625,0.5057861328125
600,0.001,1.6435546875,0.495810546875
601,0.001,1.662109375,0.4916943359375
602,0.001,1.64453125,0.4910693359375
603,0.001,1.654296875,0.500498046875
604,0.001,1.662109375,0.4973974609375
605,0.001,1.6484375,0.495595703125
606,0.001,1.6435546875,0.49060546875
607,0.001,1.6611328125,0.4961669921875
608,0.001,1.6337890625,0.5016015625
609,0.001,1.6318359375,0.51046875
610,0.001,1.6416015625,0.5056884765625
611,0.001,1.626953125,0.5098583984375
612,0.001,1.6376953125,0.5012109375
613,0.001,1.6416015625,0.497998046875
614,0.001,1.6337890625,0.49939453125
615,0.001,1.6318359375,0.5035693359375
616,0.001,1.642578125,0.50921875
617,0.001,1.6455078125,0.483515625
618,0.001,1.62890625,0.50029296875
619,0.001,1.650390625,0.5080126953125
620,0.001,1.6318359375,0.4994921875
621,0.001,1.6328125,0.4899560546875
622,0.001,1.634765625,0.490390625
623,0.001,1.623046875,0.496591796875
624,0.001,1.626953125,0.4851025390625
625,0.001,1.626953125,0.4906005859375
626,0.001,1.62890625,0.49111328125
627,0.001,1.6259765625,0.493486328125
628,0.001,1.623046875,0.5097802734375
629,0.001,1.6357421875,0.4989013671875
630,0.001,1.63671875,0.50169921875
631,0.001,1.6416015625,0.499599609375
632,0.001,1.615234375,0.51658203125
633,0.001,1.6201171875,0.5080810546875
634,0.001,1.640625,0.4950732421875
635,0.001,1.6259765625,0.517900390625
636,0.001,1.6259765625,0.499775390625
637,0.001,1.6357421875,0.4871875
638,0.001,1.611328125,0.5012109375
639,0.001,1.615234375,0.5020849609375
640,0.001,1.6337890625,0.5090966796875
641,0.001,1.626953125,0.5136865234375
642,0.001,1.6259765625,0.4933935546875
643,0.001,1.615234375,0.507109375
644,0.001,1.61328125,0.5091943359375
645,0.001,1.6220703125,0.495302734375
646,0.001,1.6142578125,0.498125
647,0.001,1.5986328125,0.50037109375
648,0.001,1.5966796875,0.4983935546875
649,0.001,1.611328125,0.5060107421875
650,0.001,1.6181640625,0.49787109375
651,0.001,1.6318359375,0.49931640625
652,0.001,1.59375,0.4979931640625
653,0.001,1.630859375,0.4969921875
654,0.001,1.62109375,0.5020068359375
655,0.001,1.6083984375,0.501689453125
656,0.001,1.619140625,0.5007666015625
657,0.001,1.6015625,0.496416015625
658,0.001,1.5966796875,0.4959033203125
659,0.001,1.6064453125,0.4937939453125
660,0.001,1.59765625,0.496298828125
661,0.001,1.61328125,0.5022119140625
662,0.001,1.5966796875,0.5019775390625
663,0.001,1.6064453125,0.5088037109375
664,0.001,1.6201171875,0.4910791015625
665,0.001,1.6064453125,0.5046142578125
666,0.001,1.6044921875,0.50611328125
667,0.001,1.59765625,0.4957958984375
668,0.001,1.599609375,0.4973974609375
669,0.001,1.595703125,0.4961669921875
670,0.001,1.59765625,0.5163037109375
671,0.001,1.5986328125,0.503994140625
672,0.001,1.6025390625,0.512685546875
673,0.001,1.5888671875,0.5108740234375
674,0.001,1.595703125,0.5100732421875
675,0.001,1.583984375,0.513603515625
676,0.001,1.5966796875,0.5160986328125
677,0.001,1.599609375,0.5038671875
678,0.001,1.5791015625,0.5125
679,0.001,1.5927734375,0.509482421875
680,0.001,1.60546875,0.50888671875
681,0.001,1.5966796875,0.4959765625
682,0.001,1.587890625,0.5004833984375
683,0.001,1.576171875,0.49759765625
684,0.001,1.5888671875,0.494580078125
685,0.001,1.578125,0.50208984375
686,0.001,1.587890625,0.4963037109375
687,0.001,1.59375,0.4913916015625
688,0.001,1.5888671875,0.4961083984375
689,0.001,1.5849609375,0.5030224609375
690,0.001,1.576171875,0.49970703125
691,0.001,1.5869140625,0.49740234375
692,0.001,1.578125,0.509296875
693,0.001,1.5615234375,0.4925
694,0.001,1.5859375,0.5041015625
695,0.001,1.5712890625,0.4930810546875
696,0.001,1.5751953125,0.4867138671875
697,0.001,1.5888671875,0.4980859375
698,0.001,1.5751953125,0.504296875
699,0.001,1.580078125,0.4957080078125
700,0.001,1.5830078125,0.501083984375
701,0.001,1.5712890625,0.49810546875
702,0.001,1.580078125,0.4985107421875
703,0.001,1.576171875,0.4985009765625
704,0.001,1.576171875,0.4980859375
705,0.001,1.5810546875,0.4938818359375
706,0.001,1.560546875,0.503681640625
707,0.001,1.580078125,0.4946142578125
708,0.001,1.5712890625,0.507099609375
709,0.001,1.578125,0.5077587890625
710,0.001,1.5830078125,0.4976953125
711,0.001,1.576171875,0.503203125
712,0.001,1.568359375,0.50478515625
713,0.001,1.5712890625,0.4984716796875
714,0.001,1.564453125,0.5104833984375
715,0.001,1.5791015625,0.495283203125
716,0.001,1.5634765625,0.5002685546875
717,0.001,1.5703125,0.4944189453125
718,0.001,1.5859375,0.504140625
719,0.001,1.5771484375,0.4964794921875
720,0.001,1.564453125,0.504482421875
721,0.001,1.5673828125,0.5051904296875
722,0.001,1.583984375,0.507998046875
723,0.001,1.578125,0.502783203125
724,0.001,1.56640625,0.50017578125
725,0.001,1.576171875,0.501396484375
726,0.001,1.556640625,0.4926904296875
727,0.001,1.5634765625,0.49658203125
728,0.001,1.5732421875,0.5029736328125
729,0.001,1.5537109375,0.5028857421875
730,0.001,1.55078125,0.500302734375
731,0.001,1.5634765625,0.4979833984375
732,0.001,1.5703125,0.5020751953125
733,0.001,1.5595703125,0.5139794921875
734,0.001,1.568359375,0.511865234375
735,0.001,1.5625,0.5145849609375
736,0.001,1.5517578125,0.512685546875
737,0.001,1.568359375,0.5113916015625
738,0.001,1.560546875,0.494423828125
739,0.001,1.5595703125,0.489697265625
740,0.001,1.5595703125,0.49318359375
741,0.001,1.55078125,0.5046337890625
742,0.001,1.544921875,0.5088525390625
743,0.001,1.552734375,0.5155908203125
744,0.001,1.5556640625,0.5055029296875
745,0.001,1.5615234375,0.5063916015625
746,0.001,1.5576171875,0.490712890625
747,0.001,1.544921875,0.5084912109375
748,0.001,1.560546875,0.50146484375
749,0.001,1.5517578125,0.4901025390625
750,0.001,1.5595703125,0.4926904296875
751,0.001,1.5537109375,0.501015625
752,0.001,1.5537109375,0.4928125
753,0.001,1.55078125,0.5072900390625
754,0.001,1.5478515625,0.50169921875
755,0.001,1.5341796875,0.505185546875
756,0.001,1.5341796875,0.498017578125
757,0.001,1.5732421875,0.5019775390625
758,0.001,1.55078125,0.5044775390625
759,0.001,1.5458984375,0.501796875
760,0.001,1.5556640625,0.50529296875
761,0.001,1.5478515625,0.500712890625
762,0.001,1.5380859375,0.504296875
763,0.001,1.5478515625,0.5116015625
764,0.001,1.5537109375,0.5002978515625
765,0.001,1.5498046875,0.507265625
766,0.001,1.5517578125,0.5110693359375
767,0.001,1.546875,0.50251953125
768,0.001,1.5439453125,0.5065185546875
769,0.001,1.5546875,0.5056494140625
770,0.001,1.53125,0.5012060546875
771,0.001,1.55078125,0.50677734375
772,0.001,1.546875,0.509970703125
773,0.001,1.544921875,0.489189453125
774,0.001,1.5341796875,0.4991015625
775,0.001,1.541015625,0.5058056640625
776,0.001,1.5361328125,0.5073876953125
777,0.001,1.5244140625,0.50859375
778,0.001,1.521484375,0.5077783203125
779,0.001,1.5439453125,0.5005908203125
780,0.001,1.548828125,0.493701171875
781,0.001,1.5390625,0.504306640625
782,0.001,1.544921875,0.4994140625
783,0.001,1.54296875,0.5087939453125
784,0.001,1.5341796875,0.509267578125
785,0.001,1.5380859375,0.5044140625
786,0.001,1.5439453125,0.5092822265625
787,0.001,1.546875,0.499814453125
788,0.001,1.541015625,0.5101806640625
789,0.001,1.5546875,0.499970703125
790,0.001,1.53515625,0.5054052734375
791,0.001,1.5556640625,0.4977001953125
792,0.001,1.53125,0.514111328125
793,0.001,1.5439453125,0.5094677734375
794,0.001,1.5263671875,0.507998046875
795,0.001,1.529296875,0.5058984375
796,0.001,1.5380859375,0.508671875
797,0.001,1.5498046875,0.5033837890625
798,0.001,1.525390625,0.506884765625
799,0.001,1.544921875,0.50228515625
800,0.001,1.5283203125,0.5056103515625
801,0.001,1.5302734375,0.5060986328125
802,0.001,1.53125,0.5129736328125
803,0.001,1.5341796875,0.4945068359375
804,0.001,1.5390625,0.5008935546875
805,0.001,1.5380859375,0.50609375
806,0.001,1.5419921875,0.5158837890625
807,0.001,1.521484375,0.5093115234375
808,0.001,1.52734375,0.498681640625
809,0.001,1.5283203125,0.5067041015625
810,0.001,1.529296875,0.493525390625
811,0.001,1.5361328125,0.50138671875
812,0.001,1.5224609375,0.50599609375
813,0.001,1.5390625,0.50619140625
814,0.001,1.5263671875,0.5003271484375
815,0.001,1.5244140625,0.4990966796875
816,0.001,1.53515625,0.510380859375
817,0.001,1.509765625,0.505986328125
818,0.001,1.525390625,0.5037939453125
819,0.001,1.5244140625,0.5120556640625
820,0.001,1.5302734375,0.5104931640625
821,0.001,1.54296875,0.5044775390625
822,0.001,1.5166015625,0.504794921875
823,0.001,1.529296875,0.5061865234375
824,0.001,1.5205078125,0.5046826171875
825,0.001,1.5009765625,0.5050048828125
826,0.001,1.53515625,0.5058984375
827,0.001,1.5166015625,0.5042138671875
828,0.001,1.521484375,0.5085986328125
829,0.001,1.4990234375,0.51365234375
830,0.001,1.5263671875,0.509169921875
831,0.001,1.513671875,0.50568359375
832,0.001,1.5283203125,0.5052001953125
833,0.001,1.5302734375,0.5003857421875
834,0.001,1.5146484375,0.5020849609375
835,0.001,1.5244140625,0.5058740234375
836,0.001,1.52734375,0.50828125
837,0.001,1.5048828125,0.5053076171875
838,0.001,1.5205078125,0.5054052734375
839,0.001,1.509765625,0.5101708984375
840,0.001,1.521484375,0.5030810546875
841,0.001,1.521484375,0.5046728515625
842,0.001,1.521484375,0.50650390625
843,0.001,1.515625,0.500791015625
844,0.001,1.5263671875,0.509794921875
845,0.001,1.5126953125,0.5058740234375
846,0.001,1.5166015625,0.5064892578125
847,0.001,1.5068359375,0.4956005859375
848,0.001,1.5107421875,0.50876953125
849,0.001,1.525390625,0.50529296875
850,0.001,1.51953125,0.5070654296875
851,0.001,1.5009765625,0.5032861328125
852,0.001,1.5048828125,0.4973974609375
853,0.001,1.5078125,0.50392578125
854,0.001,1.525390625,0.5054150390625
855,0.001,1.501953125,0.5041845703125
856,0.001,1.5078125,0.5110888671875
857,0.001,1.5029296875,0.5097900390625
858,0.001,1.5126953125,0.506796875
859,0.001,1.5048828125,0.505673828125
860,0.001,1.51953125,0.5026806640625
861,0.001,1.5029296875,0.5096044921875
862,0.001,1.51171875,0.503994140625
863,0.001,1.4931640625,0.509697265625
864,0.001,1.505859375,0.512802734375
865,0.001,1.501953125,0.504775390625
866,0.001,1.51953125,0.507099609375
867,0.001,1.4921875,0.5058837890625
868,0.001,1.5107421875,0.50333984375
869,0.001,1.5107421875,0.5010888671875
870,0.001,1.5068359375,0.5084765625
871,0.001,1.509765625,0.5056982421875
872,0.001,1.509765625,0.5073974609375
873,0.001,1.5205078125,0.505791015625
874,0.001,1.50390625,0.50427734375
875,0.001,1.5126953125,0.5093994140625
876,0.001,1.505859375,0.506630859375
877,0.001,1.498046875,0.50310546875
878,0.001,1.51171875,0.5033837890625
879,0.001,1.5068359375,0.5064892578125
880,0.001,1.515625,0.5054833984375
881,0.001,1.513671875,0.5068896484375
882,0.001,1.5107421875,0.5064892578125
883,0.001,1.505859375,0.5078759765625
884,0.001,1.5078125,0.504599609375
885,0.001,1.5078125,0.5107177734375
886,0.001,1.51171875,0.5112548828125
887,0.001,1.5126953125,0.50525390625
888,0.001,1.5009765625,0.508466796875
889,0.001,1.494140625,0.5025732421875
890,0.001,1.5048828125,0.507900390625
891,0.001,1.4990234375,0.5064111328125
892,0.001,1.51953125,0.5016015625
893,0.001,1.5185546875,0.5035888671875
894,0.001,1.49609375,0.502890625
895,0.001,1.50390625,0.5049755859375
896,0.001,1.4921875,0.5028076171875
897,0.001,1.5048828125,0.5042236328125
898,0.001,1.5205078125,0.5082763671875
899,0.001,1.4853515625,0.5068798828125
900,0.001,1.50390625,0.51005859375
901,0.001,1.505859375,0.505791015625
902,0.001,1.5078125,0.5066845703125
903,0.001,1.494140625,0.5024755859375
904,0.001,1.5087890625,0.506572265625
905,0.001,1.4912109375,0.4989013671875
906,0.001,1.4921875,0.5001806640625
907,0.001,1.5009765625,0.5081005859375
908,0.001,1.5009765625,0.5050830078125
909,0.001,1.50390625,0.5021044921875
910,0.001,1.50390625,0.507314453125
911,0.001,1.513671875,0.5045751953125
912,0.001,1.4951171875,0.5036962890625
913,0.001,1.4931640625,0.5070849609375
914,0.001,1.5087890625,0.508994140625
915,0.001,1.515625,0.5071826171875
916,0.001,1.51171875,0.50138671875
917,0.001,1.5068359375,0.5049169921875
918,0.001,1.484375,0.504912109375
919,0.001,1.4990234375,0.5080908203125
920,0.001,1.5029296875,0.5047216796875
921,0.001,1.5068359375,0.5088134765625
922,0.001,1.49609375,0.5086962890625
923,0.001,1.498046875,0.5046142578125
924,0.001,1.501953125,0.505869140625
925,0.001,1.4990234375,0.50857421875
926,0.001,1.5009765625,0.50978515625
927,0.001,1.49609375,0.5042138671875
928,0.001,1.48828125,0.5003759765625
929,0.001,1.49609375,0.5057861328125
930,0.001,1.4951171875,0.5057177734375
931,0.001,1.4970703125,0.505400390625
932,0.001,1.4931640625,0.5061669921875
933,0.001,1.4814453125,0.50205078125
934,0.001,1.5009765625,0.5037939453125
935,0.001,1.4990234375,0.503544921875
936,0.001,1.486328125,0.5057177734375
937,0.001,1.5029296875,0.50580078125
938,0.001,1.5009765625,0.5085693359375
939,0.001,1.5029296875,0.5073974609375
940,0.001,1.498046875,0.5122607421875
941,0.001,1.4990234375,0.5102880859375
942,0.001,1.4912109375,0.507294921875
943,0.001,1.494140625,0.50578125
944,0.001,1.5048828125,0.5086865234375
945,0.001,1.498046875,0.5074853515625
946,0.001,1.4931640625,0.5057958984375
947,0.001,1.4970703125,0.5014794921875
948,0.001,1.4892578125,0.503193359375
949,0.001,1.5,0.508662109375
950,0.001,1.50390625,0.5109814453125
951,0.001,1.498046875,0.50890625
952,0.001,1.4951171875,0.5114892578125
953,0.001,1.484375,0.508681640625
954,0.001,1.4990234375,0.508203125
955,0.001,1.49609375,0.50919921875
956,0.001,1.490234375,0.510390625
957,0.001,1.5078125,0.5103662109375
958,0.001,1.5,0.5065966796875
959,0.001,1.4951171875,0.503583984375
960,0.001,1.4970703125,0.505673828125
961,0.001,1.4921875,0.5010791015625
962,0.001,1.4970703125,0.5045068359375
963,0.001,1.48046875,0.5077880859375
964,0.001,1.4873046875,0.5132958984375
965,0.001,1.490234375,0.5051904296875
966,0.001,1.482421875,0.5050732421875
967,0.001,1.5009765625,0.5043798828125
968,0.001,1.484375,0.5032568359375
969,0.001,1.4990234375,0.5083837890625
970,0.001,1.4970703125,0.5098828125
971,0.001,1.4765625,0.5092822265625
972,0.001,1.486328125,0.505283203125
973,0.001,1.4912109375,0.503193359375
974,0.001,1.5009765625,0.5039794921875
975,0.001,1.4912109375,0.5039453125
976,0.001,1.494140625,0.5026953125
977,0.001,1.498046875,0.5026953125
978,0.001,1.4970703125,0.505703125
979,0.001,1.4912109375,0.5054931640625
980,0.001,1.4853515625,0.5063916015625
981,0.001,1.4951171875,0.5065087890625
982,0.001,1.4970703125,0.5033837890625
983,0.001,1.4853515625,0.5088916015625
984,0.001,1.4931640625,0.505693359375
985,0.001,1.4853515625,0.50439453125
986,0.001,1.4912109375,0.504599609375
987,0.001,1.501953125,0.5012890625
988,0.001,1.4921875,0.501591796875
989,0.001,1.4892578125,0.5043994140625
990,0.001,1.48046875,0.5051123046875
991,0.001,1.494140625,0.5066845703125
992,0.001,1.5009765625,0.5085888671875
993,0.001,1.4873046875,0.50845703125
994,0.001,1.4775390625,0.5086767578125
995,0.001,1.5,0.5062841796875
996,0.001,1.4951171875,0.502978515625
997,0.001,1.50390625,0.5049169921875
998,0.001,1.5009765625,0.50701171875
999,0.001,1.501953125,0.5084765625
1000,0.001,1.5068359375,0.507060546875
